record_id,label_true,given_name,surname,street_number,address_1,address_2,suburb,postcode,state,date_of_birth,soc_sec_id
0,0,thomas,rokobaro,12,herschell circuit,killanrey,lawrence,2272,nsw,,1451137
1,0,flynn,rokobaro,12,herschell circuit,killarney,lawrence,2227,nsw,19720812,1451137
2,1,karli,alderson,144,nulsen circuit,iowanna,tings lpa,3139,nsw,19510826,9541034
3,1,karli,alderson,144,nulsen circuit,iowanna,tingalpa,3139,nsw,19510826,9541034
4,2,alexandra,britten,66,finniss crescent,guyra,montmorency,3226,qld,19581231,6358553
5,2,alexandra,britten,67,finniss crescent,guyra,montmorency,3226,qld,19581231,6358573
6,3,hugo,alderson,440,mccombie street,rosedale,malvern east,5023,nsw,19150416,5572942
7,3,molly,webb,440,mccombie street,rosedale,malvern east,5023,nsw,19150416,5572942
8,4,archie,wilikns,80,skinner street,yandar ms 582,bethania,6415,sa,19030316,7761516
9,4,archie,wilkins,80,skinner street,yandar ms 582,bethania,6415,sa,19030316,7761516
10,5,maddison,berry,47,rosenthal street,harbour town shopping centre,golden rgove,2560,sa,19840928,6298753
11,5,maddison,berry,76,rosenthal street,harbour town shopping centre,golden grove,2560,sa,19840928,6298753
12,6,,trevorrow,16,dumas street,2/98-latchford barracks,mount immaney,2281,wa,19530313,4811642
13,6,,trevorrow,16,dumas street,2/98-latchford barracks,mount ommaney,2281,wa,19530313,4811642
14,7,charlee,reece,12,steffanonui circuit,,hopetoun,2081,wa,19750608,1671546
15,7,lawson,reece,12,steffanoni circuit,stonehouse,hopetoun,2081,wa,19750608,1671546
16,8,james,jeslser,53,howe crescent,nuffield v illage,st clair,4215,vic,19120111,5961736
17,8,james,jesser,53,howe crescent,nuffield village,st clair,4215,vic,19120111,5961736
18,9,james,greenp,12,richards street,dentureclnc,laverton,4157,nsw,19170828,2482106
19,9,james,green,12,richards street,denture clnc,laverton,4157,nsw,19170828,2482106
20,10,kayla,harrington,,maltby circuit,coaling,coolaroo,3465,nsw,19150612,9004242
21,10,kayla,harrington,38,maltby circuit,coaling,coolaroo,3465,nsw,19150612,9004242
22,11,aloysius,pegg,4,forster specialis t medical centre,meldrum street,woodend,5037,sa,19530306,9175450
23,11,aloysius,pegg,4,meldrum street,forster specialist medical centre,woodend,5037,sa,19530306,5615832
24,12,kirra,menzies,10,flt 68,woralul street,orford,2615,nsw,19940915,9654146
25,12,kirra,menzies,21,woralul street,flt 68,orford,2615,nsw,19940915,9654146
26,13,daniel,morrison,25,bellchambers crescent,ascot park,,4514,vic,,8699433
27,13,daniel,morrison,25,bellchambers crescent,ascot park,point samson,4514,vic,19620316,8699433
28,14,liam,wilde,11,melbourne avenue,banksia village,bray park,2621,nsw,19570628,7989054
29,14,liam,wilde,11,melbourne avenue,banksia village,bray park,2612,nsw,19570628,7989054
30,15,freya,myles,4,lea plce,anstee court,flemington,4519,sa,19530306,5346011
31,15,freya,myles,4,lea place,anstee court,flemington,4519,sa,19530306,5346011
32,16,adam,perl,150,shean lpace,gungahlin market place,glengarry,2155,vic,19330624,7388490
33,16,adam,perl,150,shean place,gungahlin market place,glengarry,2155,vic,19330624,7388490
34,17,kyle,ryany,14,ind place,rocklea,port augusta,4350,nsw,19411102,2059726
35,17,kyle,ryan,15,ind place,rocklea,port augusta,4305,nsw,19411102,2059726
36,18,matthew,campbell,94,mosman poace,,north beach,2617,nsw,19430607,5538479
37,18,samuel,campbell,32,mosman place,,north beach,2617,nsw,19430607,5538479
38,19,cambetll,hursey,3,corona place,sweet w atdrs,toowoomba,3980,sa,19870526,7118146
39,19,cambell,hursey,3,spinifex street,sweet waters,toowoomba,3980,sa,19800422,7118146
40,20,samuel,,15,jabanunggs avenue,wattle place,brighton,3199,vic,19870903,8943942
41,20,samuel,,15,jabanungga avenue,wattle place,brighton,3199,vic,19870903,8943942
42,21,adam,ciogti,127,hyattpalce,kersey' south,coffs harbour,5039,nsw,19910920,3451318
43,21,adam,ciotti,13,hyatt place,kersey' south,coffs harbour,5039,nsw,19910920,9490795
44,22,rees,maribanne,6,nerli place,weeroona,mansfield,3644,sa,19770628,4235561
45,22,marianne,rees,6,nerli place,weeroona,mansfield,3644,sa,19770628,4235561
46,23,kelsey,halligan,3,dilboong place,,kedron,6027,nsw,19900301,8576385
47,23,kelsey,halligan,3,dilboong place,rosetta village,kedron,6027,nsw,19900301,8576385
48,24,alexandra,adche,13,badimara street,winter park,cooltong,4121,vic,19481129,6792452
49,24,alexandra,asche,17,badimara street,winter park,cooltong,4121,vic,19481129,6792452
50,25,ronna,bordeux,1,federal ighway,killa ra lodge,gorokan,3000,qld,19111016,7679165
51,25,annabella,bordeaux,1,federal highway,killara lodge,bucasia,3000,qld,19111016,7679165
52,26,,hoffman,1,brooker street,,lockles,2070,wa,19760226,6891487
53,26,abbey,hoffman,17,brooker street,de boerderij,lockleys,2070,wa,19760226,6891487
54,27,fiona,worsley,59,gingana street,thorndale,primrose sands,5009,vic,19960902,9804147
55,27,fiona,worsley,59,gingana street,thorndale,dysart,2193,vic,19960902,9804147
56,28,isabelle,lowe,27,kangairlla,grainger circuit,point turton,2450,vic,19980310,7007836
57,28,isabelle,lowe,27,grainger circuit,kangarilla,point turton,2450,vic,19980310,7007836
58,29,aidan,berry,4,lempriere crescent,,,3228,nsw,19280621,5213963
59,29,aidan,berry,20,lempriere crescent,fair lea,bibra lake,3228,nsw,19280621,5213963
60,30,joshua,dolan,98,colborne place,warowiw,lindfield,3568,nsw,19521116,9500871
61,30,joshua,dolan,98,colborne place,warowie,lindfield,3568,nsw,19521116,9500871
62,31,jackson,cmielewski,,anglis s place,brookvale,tweed headse south,3082,vic,19141022,7997511
63,31,jackson,cmielewski,76,angliss place,brookvale,tweed heads south,3082,vic,19141022,7997511
64,32,chloe,gillard,3,crispcir cuit,ban skia,kenilworth,4218,wa,19200820,8072668
65,32,chloe,gillard,3,crisp circuit,banksia,kenilworth,4218,wa,19200820,8072668
66,33,brooklyn,manson,27,clive steele avenue,port fairy road,yagoona,3450,vic,19710727,4493900
67,33,brooklyn,manson,27,clive steele avenue,port fairy road,mount low,3450,vic,19710727,4493900
68,34,isablela,loddwr,156,messenger street,,bayswtaer,4870,vic,19650714,2790666
69,34,isabella,lodder,156,messenger street,tongbong sanctuary,bayswater,4870,vic,19650714,2790666
70,35,michael,belci,1,chisholmstreet,carrington garden,torquay,5085,sa,19300418,1023877
71,35,michael,belci,1,chisholm street,carrington garden,torquay,5085,sa,19300418,1023877
72,36,charlolte,satterley,41,counsel street,hilltop hostel rowethorpe,berwic,4556,nsw,19151209,4658473
73,36,charlotte,satterley,41,counsel street,hilltop hostel rowethorpe,berwick,4556,nsw,19151209,4658473
74,37,nguy en,elixa,29,buxton street,fergson oldge,cunnamulla,2257,sa,19260626,4722136
75,37,eliza,nguyen,29,buxton street,fergson lodge,cunnamulla,2256,sa,19260626,4722136
76,38,cooper,culbetson,30,dow sthreet,,sea lake,4024,nsw,19951031,7943540
77,38,cooper,culbertson,30,dow street,,sea lake,4020,qld,19951031,7943540
78,39,daniel,couzens,37,coventry close,cressbrook,mount eliza,5073,nsw,19881127,6934299
79,39,daniel,couzens,25,coventry close,cressbrook,mount eliza,5073,nsw,19881127,6934299
80,40,jake,berry,99,rivett street,,kingstgorpe,2032,vic,,7190150
81,40,jake,berry,99,leahy close,,kingsthorpe,2032,vic,19720702,7190150
82,41,claudia,eglin ton,50,glenelg street,lans downe,roleystone,4556,vic,19811022,6033620
83,41,claudia,eglinton,50,glenelg street,lansdowne,roleystone,4556,vic,19811022,6033620
84,42,morclm,thomas,16,alexandria street,trapalanda,vermont south,3714,vic,19800706,4569567
85,42,thomas,morcom,16,alexandria street,trapalanda,vermont south,3714,vic,19800706,4569567
86,43,kyah,ngai,56,shoalhaven avenue,the nount,culburra,3083,vic,19630406,9351600
87,43,kyah,ngai,30,shoalhaven avenue,the mount,culburra,3083,vic,19630406,9351600
88,44,georgia,wilde,2,warra creek,freda gibsom circuit,,2154,sa,19550212,6569089
89,44,georgia,pringle,2,freda gibson circuit,warra creek,,2154,sa,19550212,6569089
90,45,cooper,richmond,5,pridha mstreet,star court arcade,wangaratta,5074,sa,19020301,1483265
91,45,cooper,richmond,5,pridham street,star court arcade,wangaratta,5074,sa,19020301,1483265
92,46,isaac,webb,31,bemm place,aldinga b each court,hillside,2261,qdl,19430106,1608224
93,46,isaac,webb,31,bemm place,aldinga beach court,hillside,2261,qld,19430106,1608224
94,47,bianca,demetriou,22,jenning sstreet,ahwahnee,dapto,3216,nsw,19261103,8066334
95,47,bianca,demetriou,4,jennings street,ahwahnee,dapto,3216,nsw,19261103,8066343
96,48,nacoya,lowe,381,sherbropke street,brigh t view,pimlico,2621,qld,19050204,9128171
97,48,nacoya,lowe,381,sherbrooke street,bright view,pimlico,2261,qld,19050204,9128171
98,49,darcy,hochunli,22,lawrence close,,sefton park,2380,tas,19370607,8750602
99,49,darcy,hochuli,22,lawrence close,cutler vill,sefton park,2380,tas,19370607,8750602
100,50,james,webb,72,gamor treet,,paradise awters,4030,qld,19980701,3435792
101,50,james,webb,72,gamor street,,paradise waters,4030,qld,19980701,3435792
102,51,jacob,steane,34,mighell place,burramunda,hazelwood north,4305,sa,19910517,8470247
103,51,jacob,steane,43,mighell place,burramunda,hazelwood north,4305,sa,19910517,8470247
104,52,thomas,campebll,29,orion p lface,brookfield,kyabram,4207,nsw,19040329,6634897
105,52,thomas,campbell,29,orion place,brookfield,kyabram,4207,nsw,19040329,6634897
106,53,isabella,walpole,31,donnison place,gairnshile rsd 225,dapto,2390,nsw,19881222,6386893
107,53,isabella,walpole,31,donnison place,gairnshiel rsd 225,dapto,2390,nsw,19881222,6386893
108,54,emiily,morrison,314,cowper tsreet,belmore river,narrandera,5600,vic,19460111,4185791
109,54,emiily,morrison,314,cowper street,belmore river,narrandera,5600,vic,19460111,4185791
110,55,chloe,beatie,82,burkitt street,flowerpot,leichhardt,2152,nsw,19460711,9678010
111,55,chloe,beattie,28,burkitt street,flowerpot,leichhardt,2152,nsw,19460711,9678010
112,56,ashley,heazdon,17,sheehy street,hawkins masonic vlge,warrandyte,3073,vic,19880814,7871445
113,56,charlie,headon,17,sheehy street,hawkins masonic vlge,warrandyte,3073,vic,19880814,7871445
114,57,davila-sanhdars,dante,303,wild street,surama,avondale heights,2029,wa,19120206,2609420
115,57,dante,davila-sanhdars,303,wild street,surama,avondale heights,2029,wa,19120206,2609420
116,58,spyke,schumann,42,clark close,,tannum sands,2326,nsw,19020422,6677685
117,58,spyke,schumann,78,clark close,pine tree,tannum sands,2326,nsw,19020422,6677685
118,59,alicia,bloomfield,2,hastings court,,eleeana,2430,vic,19980422,4531319
119,59,alicia,bloomfield,2,hastings court,sunny glen,eleebana,2430,vic,19980422,4531319
120,60,daniel,marcwc,11,barnes place,country c lub,wynnumdwest,5108,wa,19310308,8550692
121,60,daniel,marcic,11,barnes place,country club,wynnum west,5108,wa,19310308,8550692
122,61,daarcie,fleet,13,fellows street,,somertonp ark,2284,vic,19950307,1563705
123,61,darcie,fleet,13,fellows street,braeburn,somerton park,2284,vic,19950307,1563705
124,62,james,bradshw,,reader court,claytoh farm,milo park,2322,,19060730,4960757
125,62,james,bradshaw,,reader court,clayton farm,mill park,2322,,19060730,4960757
126,63,benjamin,cannekl,17,charleston street,oak glen,kununuodra,2090,nsw,19650504,7825348
127,63,benjamin,cannell,17,charleston street,oak glen,kununurra,2090,nsw,19851216,7825348
128,64,,crute,48,national circuit,omaru,,3630,nsw,19600818,3808742
129,64,chelsea,crute,48,national circuit,omaru,,3630,nsw,19600818,3808742
130,65,meaney,shantal,15,cockcroftavenue,sebaank,pakenham,2114,vic,19810717,9937720
131,65,shantal,meaney,15,cockcroft avenue,seabank,pakenham,2114,vic,19810717,9937720
132,66,mikayla,giannaris,80,seabreeze acravan park,gollan street,abbotsford,2516,wa,19560825,4797460
133,66,mikayla,giannaris,80,gollan street,sea breeze caravan park,abbotsford,2516,wa,19560825,4797460
134,67,jacob,lyen,25,haddon srteet,glenvie w,woodville north,2226,qld,19910424,6426415
135,67,jacob,lyden,25,haddon street,glenview,woodville north,2226,qld,19910424,6426415
136,68,darcy,jolly,7,antill street,agar abi,marsfield,4173,nsw,,7208848
137,68,darcy,jolly,7,antill street,agarabi,godwin beach,4173,nsw,19891008,7208848
138,69,mikayla,caruana,37,torrens street,bor onia,dianelka,2716,qld,19590901,6041595
139,69,mikayla,caruana,37,torrens street,boronia,dianella,2761,qld,19590901,6041595
140,70,chloe,reitler,14,daley crescent,halfway hill,ballinga,6146,qld,19171028,7162356
141,70,chloe,reitler,14,daley crescent,halfway hill,ballina,6164,qld,19171028,7162356
142,71,cliare,priebe,39,stacy street,st francis vlge,clarence park,2145,vic,19900203,5569305
143,71,claire,priebe,39,stacy street,st francis vlge,clarence park,2145,vic,19900203,5569305
144,72,fenwic k,william,,madigan street,wearmouth,emerald,2577,nsw,19540307,1158377
145,72,william,headon,33,madigan street,wearmouth,emerald,2577,nsw,19540307,1158377
146,73,kyle,limbert,7,dandeno n court,brokenspoke,springwpod,3143,nsw,19080527,2479285
147,73,kyle,limbert,7,dandenong court,the pinnacle,springwood,3143,nsw,19080527,2479285
148,74,beardon,lachlan,9,boolee street,malkiel,penrith,4212,nsw,19820514,1325139
149,74,lachlan,beardon,9,boolee street,malkiel,penrith,4212,nsw,19820514,1325139
150,75,isabella,ayrse,1075,arthur circle,grevilal est,glewnood,5121,qld,19531230,9208787
151,75,isabella,ayres,1075,arthur circle,grevilla est,glenwood,5112,qld,19531230,9208787
152,76,molly,sushames,44,maclachlan c street,,lakemba,3191,qld,19910608,4688332
153,76,molly,sushames,44,maclachlan street,,south grafton,3191,qld,19910608,4688332
154,77,joshua,garthwaite,42,mcclintock street,hallsville,avoca,3175,nsw,19050703,5226643
155,77,joshua,garthwaite,24,mcclintock street,hallsville,avoca,3175,nsw,19050703,5226643
156,78,hayd en,geraghty,41,macneilplace,willow wood,frenchs forest,3011,vic,19121130,8624403
157,78,hayden,geraghty,41,macneil place,willow wood,frenchs forest,3011,vic,19121130,8624403
158,79,jayde,van keulen,4,macgregor street,glend ower,cremorne,3566,vic,19150821,3018823
159,79,jayde,van keulen,4,macgregor street,glendower,cremorne,3566,vic,19150821,3018823
160,80,brooke,coulson,1,tristaniastreet,diamond downs,cheste r hill,2147,qld,19590522,5893169
161,80,brooke,coulson,1,tristania street,diamond downs,chester hill,2147,qld,19590522,5892169
162,81,abbey,fit,13,kosciusko avenue,the wharf complex,yass,2594,nsw,19870510,7661096
163,81,abbey,fitt,13,kosciusko avenue,the wharf complex,yass,2594,nsw,19870510,7661096
164,82,reeve,mileq,2,renwick lwtreet,yarra bee,barwon heads,2342,nsw,19810406,1067923
165,82,reeve,quilliam,2,renwick street,yarrabee,barwon heads,2340,nsw,19810406,1066923
166,83,mitchell,berry,1,braine treet,,smithfield,3188,nsw,19400503,2887622
167,83,mitchell,berry,1,braine street,gowrie,smithfield,3188,nsw,19400503,2887622
168,84,rilepy,heu sotn,54,chaseling street,locn 341,leongatha,2730,qld,19850807,3587494
169,84,riley,heuston,54,chaseling street,locn 341,leongatha,2730,qld,19850807,3587494
170,85,brinsmead,amelia,73,mackennal street,belgradezpark,wellington point,2046,vic,19810831,4182058
171,85,amelia,brinsmead,73,mackennal street,belgrade park,wellington point,2046,vic,19810831,4182058
172,86,hayden,jolly,7,heard street,wonderusn,,5034,nsw,19950410,3682559
173,86,hayden,jolly,7,heard street,wondersun,bayswater,5034,nsw,19950410,3682559
174,87,lara,osfoeld,144,,karoola de lungra,glenwood,2295,nsw,19911030,5705799
175,87,lara,osfield,144,hall street,karoola delungra,glenwood,2259,nsw,19500316,5705799
176,88,vanessa,blake,,wheeler crescent,yarrain,berwick,3051,wa,19630305,3180257
177,88,vanessa,blake,39,wheeler crescent,yarrabin,berwick,3051,wa,19630305,3180257
178,89,hananh,isola,26,barlow steet,aptmnt 240,clayton,4350,act,19320106,9013800
179,89,hannah,isola,26,barlow street,aptmnt 240,clayton,4350,act,19320106,9013800
180,90,joshua,price-austin,04,kingsmillcstreet,shalvah,mullumbimby,4032,act,19210303,8406694
181,90,joshua,price-austin,40,kingsmill street,shalvah,mullumbimby,4032,act,19210303,8406694
182,91,,hefford,1,armstrong crescent,,payneham,5502,vic,19440805,9162672
183,91,,cogzell,1,armstrong crescent,cromdale,payneham,5502,vic,19440905,9162672
184,92,hannha,ottens,65,jacka crescent,rmbe 77d,sunshine beach,2085,msw,19350612,4219398
185,92,hannah,green,65,jacka crescent,rmbe 770,sunshine beach,2086,nsw,19350612,4219398
186,93,sam,musolino,173,kathner street,chactor,otago bay,3068,vic,19770911,7509483
187,93,ben,musolino,173,kathner street,chactor,hamilton,3068,vic,19770911,7509483
188,94,eliza,sharon,120,brinsmeda street,chacor,greenapre,3214,nsw,19950112,2497676
189,94,eliza,sharon,120,brinsmead street,chactor,greenacre,3214,nsw,19950112,2497676
190,95,zachary,lodge,28,monaro highway,akenfield,sandy bay,4109,qld,19790613,3535105
191,95,zachary,lodge,28,monaro highway,akenfield,malvern east,2200,qld,19790613,2678628
192,96,kieren,,6,kingsburykstreet,,bano,4504,sa,19620306,8639228
193,96,kieren,spalvins,6,kingsbury street,,berala,4504,sa,19620306,8639228
194,97,hudson,gaildis,21,a'beckett street,acadia,cookshill,4553,act,19500629,6594162
195,97,hudson,gailis,21,a'beckett street,acadia,cooks hill,4553,act,19500629,6594162
196,98,oakleigh,fitzpatrick,16,archdall street,clear creek,north amr,2122,gas,19580922,6731902
197,98,hayley,fitzpatrick,16,archdall street,clear creek,north arm,2122,tas,19580922,6731902
198,99,imzogen,akroyd,14,everard street,strathalan co mmunity,marsfield,3219,qld,19301206,4816613
199,99,imogen,akroyd,8,everard street,strathalan community,marsfield,3219,qld,19361218,4817613
200,100,luchetti,tiana,112,totterdell street,villa 5,toowoomba,2008,sa,19050127,2712503
201,100,tiana,luchetti,112,totterdell street,villa 5,toowoomba,2008,sa,19050127,2712503
202,101,amberr,coulson,26,,meilene retirement,whitfield,3986,nsw,19950320,3079240
203,101,amber,whillas,3,,meilene retirement,whitfield,3987,nsw,19950320,3079240
204,102,marlow,fraser,8,evelyn owen crescent,yarand oo wing,ermington,3000,nsw,19731008,2195286
205,102,fraser,marlow,8,evelyn owen crescent,yarandoo wing,ermington,3000,nsw,19731008,2195286
206,103,mason,hyland,41,blackburhn street,bonny farm,cronulla,5491,nsw,19630809,5204795
207,103,mason,hyland,29,blackburn street,bonny farm,cronulla,5491,nsw,19630809,5204795
208,104,april,hope,,limestone avenue,west,como,2734,nsw,19310625,8416850
209,104,april,hope,148,limestone avenue,west,como,2774,nsw,19310625,8416850
210,105,mitchell,mcconnel,5,templeton street,gle n ayre,camdn,2500,vic,19370615,3413425
211,105,mitchell,mcconnel,5,templeton street,glen ayre,camden,2500,vic,19370615,3413425
212,106,kelsey,kett,,jagara street,,belmont,4224,vic,19361229,9679375
213,106,kelsey,noble,,jagara street,,belmont,4224,vic,19361229,9679375
214,107,ja ck,matthews,17,herron crescent,broadmere,warnbro,2035,vic,19081119,5613395
215,107,jack,matthews,17,herron crescent,broadmere,highton,2035,vic,19081119,5613395
216,108,nicholas,donaldson,3,,forest glen resort,kogarah,3136,nrw,19211230,9407354
217,108,nicholas,donaldson,3,,forest glen resort,kogarah,3136,nsw,19211230,9407354
218,109,adriana,rdud,7,dickson chiropractic dbickson chambers,mcivor house,kilsyth,3910,qld,19501217,2016313
219,109,adriana,rudd,7,dickson chiropractic dickson chambers,mcivor house,kilsyth,3910,qld,19501217,2016313
220,110,ruby,riding,7,middletoz cwircuit,,ceduna,4214,vic,19650615,9233472
221,110,ruby,riding,7,middleton circuit,yaraan,ceduna,4214,vic,19071120,9233472
222,111,darcy,webb,511,bywaters pilace,airforce memorial estate,lake mnunorah,5014,vic,19990221,3476734
223,111,darcy,webb,15,bywaters place,airforce memorial estate,lake munmorah,5041,vic,19990221,3476734
224,112,zara,excell,,aspinall street,forest hills,glenelg south,2712,nsw,19030807,6025452
225,112,zara,excell,85,aspinall street,forest hills,glenelg south,2712,nsw,19030807,6025452
226,113,layla,ryan,720,tregellas crescent,carinyav lge,collinswood,3400,nsw,19920526,7041054
227,113,layla,ryan,720,tregellas crescent,carinya vlge,collinswood,3400,nsw,19920526,7041054
228,114,hollyo,mcmullen,51,jukes street,waraba,concord,4304,qld,19130502,1362267
229,114,holly,mcmullen,51,jukes street,waraba,blackmans bay,4304,qld,19130502,1362267
230,115,nicholas,toso,,carnegie crescent,moonah,mullumbimby,5109,wa,19710120,1111504
231,115,nicholas,toso,14,carnegie crescent,moonah,mullumbimby,5109,wa,19710120,1111504
232,116,april,harrington,123,slessor crescent,glebe garden,wisemans ferry,2517,nsw,19111101,8853061
233,116,april,herbert,123,slessor crescent,glebe garden,wisemans ferry,2517,nsw,19421030,2349971
234,117,ethan,andersch,67,augustus close,riverbani offices,blacktown,2641,nsw,19271026,3361297
235,117,ethan,andersch,67,augustus close,riverbank offices,blacktown,2641,nsw,19271026,3361297
236,118,sienna,georege,22,hoad place,kondalilla,burwood east,3860,nsw,19661026,9123905
237,118,sienna,george,22,hoad place,kondalilla,burwood east,3860,nsw,19661026,9123905
238,119,phoebe,averis,31,tipiloura street,rosetta village,boronia hvights,4868,qld,19991012,1441726
239,119,phoebe,averis,31,tipiloura street,rosetta village,boronia heights,4868,qld,19991012,1441726
240,120,nicholas,matthews,19,james smithi circuit,old wefeoona,dulwic hhill,4170,sa,19570116,9908807
241,120,nicholas,matthews,19,james smith circuit,old weeroona,dulwich hill,4170,sa,19570116,9908807
242,121,nicholas,maynard,127,gidja place,,sellicks hill,0807,vic,19311015,4367680
243,121,nicholas,maynard,127,gidja place,kay's place,sellicks hill,0870,vic,19311015,4367680
244,122,lachlan,berry,69,giblin street,killarney,bittern,4184,qld,19990219,7364009
245,122,lachlan,berry,69,giblin street,killarney,bittern,4814,qld,19990219,7364009
246,123,sarah,browne,7,longstaff street,,graoville,6430,qld,19971108,2530650
247,123,sarah,browne,16,longstaff street,,loftus,6430,qld,19300723,2530650
248,124,jesse,habna,32,wattle street,toolooa,ingleburn,4500,qld,19920424,2622949
249,124,jesse,hanna,23,wattle street,toolooa,ingleburn,4500,qld,19920424,2622949
250,125,john,van'wt hof,5,morshead drive,ocean crt (cnr beach s street,maida vale,2475,vic,19360109,9574272
251,125,john,van't hof,5,morshead drive,ocean crt (cnr beach s street,maida vale,2745,vic,19360109,9574272
252,126,kelsey,stubbs,48,knaggs crescent,calderwood,tingaolpa,3194,nsw,19510317,7684584
253,126,kelsey,stubbs,48,knaggs crescent,calderwood,tingalpa,3194,nsw,19510317,7684584
254,127,chloe,mayer,31,tuthillplace,poldoe park,illawarra,2214,wa,19800326,3867233
255,127,chloe,mayer,160,tuthill place,poldoe park,illawarra,2214,wa,19800326,3867233
256,128,,collinson,4,boddington crescent,,illabo,2261,nsw,19840807,2427882
257,128,,collinson,8,boddington crescent,norma,illabo,2261,nsw,19840807,2427882
258,129,christina,colemn,506,hall street,rsde 817 wallace,woolgoolga,3063,qld,19070811,6822993
259,129,christina,coleman,506,hall street,rsde 817 wallace,woolgoolga,3073,qld,19070811,6822993
260,130,sar,coffey,3,mckinlay street,beechowrth,huonville,4558,vic,19150306,1706049
261,130,sara,coffey,3,mckinlay street,beechworth,huonville,4558,vic,19150306,1706049
262,131,amy,mccarthy,40,bannerstreet,merryafle,bayswater north,2447,nsw,19381203,4829707
263,131,amy,mccarthy,40,banner street,merrydale,bayswater north,2447,nsw,19721005,4829707
264,132,joshua,ingelbs,14,arabana street,tatyara,port lincoln,2352,vic,19080503,3603864
265,132,joshua,ingels,14,arabana street,tatyara,port lincoln,2325,vic,19080503,3603864
266,133,lavis,henry,12,rankeo place,rosebery hill,piggabgen,0870,nsw,19640314,4307152
267,133,jordan,lavis,12,ranken place,rosebery hill,piggabeen,0870,nsw,19640314,4307152
268,134,reid,troy,1,allan street,townvjiew,page,2774,qld,19250727,3580821
269,134,troy,reid,1,allan street,townview,page,2774,qld,19250727,3580821
270,135,hugo,morrison,28,yakillip park,kambalda crwscent,cranbourne,4670,nsw,19561224,8755172
271,135,hugo,morrison,28,kambalda crescent,yakilli park,cranbourne,4670,nsw,19561224,8755172
272,136,india,negrean,1,barringer street,sherwood,parkinson,3168,nsw,19860923,2097928
273,136,india,negrean,1,barringer street,sherwood,parkinson,3168,wa,19860923,2097928
274,137,marcaus,haythorpe,11,rose scott circuit,granny flat 2,bergalia,4500,qld,19190502,5717064
275,137,marcus,haythorpe,11,rose scott circuit,granny flat 2,bergalia,4500,qld,19190502,5717064
276,138,holly,siemers,8,strachan place,,beaudesert,2104,sa,19610319,4858108
277,138,holly,siemers,8,strachan place,kootingal,beaudesert,2104,sa,19610319,4858108
278,139,joshua,dixon,12,lawrence rescent,the willows,freshw ater,3143,sa,19450424,1432908
279,139,joshua,dixon,12,lawrence crescent,the willows,freshwater,3143,sa,19450424,1432908
280,140,georgia,gryosler,8,foxall street,willaroo,lockwlod,3338,nsw,19321106,8000491
281,140,georgia,grosser,8,foxall street,willaroo,lockwood,3338,nsw,19321106,8000491
282,141,tia,gols,101,boron ia drive,the cabin,sunnybank,3020,sa,19961121,7459384
283,141,tia,gold,101,boronia drive,the cabin,sunnybank,3020,sa,19961121,7459384
284,142,lauren,beattie,11,rubbo cre scent,welcome swallow angus illalangi rmb 1800,stanmore,2444,qld,,7554071
285,142,lauren,beattie,11,rubbo crescent,welcome swallow angus illalangi rmb 1800,stanmore,2444,qld,,7554071
286,143,jayde,grosser,41,gundaroo road,,baringhup,3173,vic,19281101,6423689
287,143,jayde,grosser,55,gundaroo road,,baringhup,3173,vic,19281101,6423689
288,144,,campbell,85,madigaqnstreet,brentwood vlge,killara,4102,nsw,19870205,3211066
289,144,,campbell,85,madigan street,brentwood vlge,killara,4102,nsw,19870205,3211066
290,145,elle,nicklason,5,beetaloo tsreet,,trafalgar,5207,wa,19460919,5092794
291,145,elle,nicklason,5,beetaloo street,,trafalgar,5107,wa,19460919,5092794
292,146,matthew,lock,24,mackenziestreet,brookvale,corrimal,6450,vic,19220401,1432585
293,146,matthew,lock,92,mackenzie street,brookvale,corrimal,6450,vic,19220401,1432585
294,147,jacob,green,2,jerome place,kalke,kings cross,6050,act,19770519,4058972
295,147,jacob,green,2,jerome place,kalkee,kings cross,6050,act,19770519,4058972
296,148,connor,white,13,forbes street,,samsonvale,2750,nsw,19750830,7773745
297,148,connor,white,13,forbes street,lyndale,samsonvale,2750,nsw,19750830,7773745
298,149,mccarthy,kydan,67,clemengerxstreet,the points holsteins,fairlawn,6452,nsw,19729518,6527653
299,149,kydan,mccarthy,67,clemenger street,the points holsteins,fairlawn,6415,nsw,19720518,6527653
300,150,ash,worsley,3,russell drysdalw crescent,gull cottage,greensborough,4023,nsw,19960512,5164697
301,150,ash,worsley,3,russell drysdale crescent,gull cottage,greensborough,4032,nsw,19960512,5164697
302,151,eliza,snale,2,,parooka,robina,2614,sa,19240813,8996055
303,151,eliza,snale,2,outtrim avenue,parooka,robina,2614,sa,19240813,8996055
304,152,,webb,9,boolee street,,freemans reach,4870,vic,19470429,3308042
305,152,kyra,webb,9,boolee street,,freemans reach,4870,vic,19470429,3308042
306,153,harriet,belperi,3,hawker place,lakeview park,roselands,3206,qld,,9280016
307,153,harriet,belperio,3,hawker place,lakeview park,roselands,3206,qld,19160115,5056485
308,154,kyle,glass,59,wyselaskie circuit,ap t 710,wyong,3930,nsw,19241221,6908529
309,154,kyle,glass,87,wyselaskie circuit,apt 710,wyong,3390,nsw,19241221,6908529
310,155,phillip,ellem,41,outtrim kavenue,ainslie house,narre warren north,3083,,19490902,3187616
311,155,phillip,ellem,41,outtrim avenue,ainslie house,avalon,3083,qld,19490902,3187616
312,156,,kolodina,66,darmody lstreet,split solitary caravn park,wheeo,2317,vic,19610520,1601763
313,156,rhiannon,kolodina,66,darmody street,,wheeo,2317,vic,19610520,2870299
314,157,,jervis,375,rickard place,ever green,east gresford,4069,qld,19330212,1333372
315,157,,jervis,19,rickard place,evergreen,east gresford,4060,qld,19330212,1333372
316,158,ballantyne,jessica,8,medworth crescent,rowethorpe,pen rith,4213,nsw,,1155058
317,158,jessica,ballantyne,8,medworth crescent,rowethorpe,penrith,4213,nsw,19931103,1155058
318,159,kyleh,reuter,185,padbury street,burnside,ballrat,4703,nsw,19251011,6546519
319,159,kyle,reuter,185,padbury street,burnside,corowa,4703,nsw,19251011,6546519
320,160,,harrington,103,adair steet,,beaumont,4556,vic,19610510,7008577
321,160,,harrington,103,adair street,the lakes retirement village,beaumont,4556,vic,19610510,7008577
322,161,james,blake,19,sturt avenue,laloki,carnegie,2218,nsw,19050716,7830672
323,161,james,blake,19,sturt avenue,laloki,carnegie,2218,nsw,19050716,4003660
324,162,caitkin,,,rymill place,airforce memor ial estate,mount gravatt,3146,vic,19980804,8342575
325,162,caitlin,,,rymill place,airforce memorial estate,mount gravatt,3146,vic,19980804,8342575
326,163,rickett,oliver,194,sturt afenue,shoppingcentre,jamedtown,2256,qld,19431020,6090460
327,163,oliver,rickett,194,sturt avenue,shopping centre,jamestown,2526,qld,19431020,6090360
328,164,leo,blackwebll,,mcwhae circuit,gull cottage,kotara,3113,nsw,19760831,4378323
329,164,leo,blackwell,2,mcwhae circuit,gull cottage,kotara,3131,nsw,19760831,4378323
330,165,caleb,dixon,1429,glenmore,lambel lvose,toronto,3634,tas,19860422,3569365
331,165,caleb,dixon,1429,lambell close,glenmore,toronto,3634,tas,19860422,3569365
332,166,riley,siviur,15,tubb plqace,roxor,,3186,nsw,19080709,4038966
333,166,riley,siviour,15,tubb place,rocor,ivanhoe east,3186,nsw,19080709,3126008
334,167,,green,30,wallace h eights,learmonth drive,boundary bend,2747,qld,19310903,9262880
335,167,emma,green,30,learmonth drive,wallace heights,boundary bend,2747,qld,19310903,9262880
336,168,natasha,crossm an,,,mt gravat tresidence,glenthompson,4865,nsw,19140130,9295668
337,168,natasha,crossman,61,light street,mt gravatt residence,glenthompson,4865,nsw,19140130,9295668
338,169,van groesen,chelsea,50,ern florence crescent,gowen,marybroough,3130,vic,19910211,6103266
339,169,chelsea,van groesen,50,ern florence crescent,gowen,maryborough,3130,vic,19910211,6103266
340,170,beal,jared,9,palmer street,hollybiooke,southern river,4811,nsw,19400526,7240930
341,170,jared,beal,9,palmer street,hollybrooke,southern river,4811,nsw,19400526,7240930
342,171,whiite,harriet,33,firbank close,banavie,eight mile plains,3071,nsw,19690330,3296165
343,171,harriet,white,33,firbank close,banavie,eight mile plains,3071,nsw,19690330,3296165
344,172,,webb,11,walker crrscent,bugoren,charlstown,6258,nsw,19190528,4191569
345,172,brydon,webb,11,walker crescent,bugoren,charlestown,6258,nsw,19190528,4191569
346,173,tori,keoh,1,tallara p arkway,,wangaratta,2223,vic,19601101,5089409
347,173,tori,fleet,1,tallara parkway,,wangaratta,2213,vic,19601101,5089409
348,174,liam,musloino,199,irvinewstreet,st francii vlge,campsie,5085,vic,,8919853
349,174,liam,musolino,199,irvine street,st francis vlge,campsie,5085,vic,,8919853
350,175,annablle,kounis,121,calder place,brambletye vinyard,joondkalup,3120,nsw,19640907,1612956
351,175,annabelle,kounis,121,calder place,brambletye vinyard,joondalup,3122,nsw,19640907,1612956
352,176,cnono r,stitz,43,skinner street,banksia village,artawrmon,6330,qld,19650512,7196421
353,176,connor,stitz,43,skinner street,banksia village,mooloolaba,6330,qld,19650512,7196421
354,177,guthridge,thomas,6,brunswick circuit,tintagel,avondale heights,2073,vic,19080625,4255165
355,177,thomas,guthridge,6,brunswick circuit,tintagel,avondale heights,2073,vic,19080625,4255165
356,178,nicholas,ryan,59,windeyer street,mafeking,belmont,4031,wa,19421110,8430399
357,178,nicholas,ryan,59,windeyer street,mafeking,belmont,4031,sa,19421110,8430399
358,179,rosie,reid,256,coghill close,,blackown,5253,act,19770714,8349921
359,179,kyle,brain,256,coghill close,bay city plaza,blacktown,5253,act,19770714,8349921
360,180,annika,ryan,21,bayly p lace,pacific terraces,cleveland,4117,vic,19460406,9791141
361,180,jack,ryan,21,bayly place,pacific terraces,cleveland,4171,vic,19611215,9791141
362,181,jacob,varwano,,magrath crescent,bandrea,auburn,2210,vic,19411202,1499165
363,181,jacob,varano,2,magrath crescent,bandera,auburn,2210,vic,19411202,1499165
364,182,chloe,kyriacou,12,mulga street,inglewood,mitchzam,4013,nsw,19480827,3985717
365,182,chloe,kyriacou,12,mulga street,inglewood,mitcham,4031,nsw,19480827,3985717
366,183,lachlan,jukic,2,morgan crescent,parklea,raymond terrace,2250,nsw,19780702,4027998
367,183,lachlan,jukic,2,morgan crescent,parklea,raymond terrace,2205,nsw,19780702,3250274
368,184,esther,arbuckle,8,kanooka street,ashgrove farms,windagn,4064,nsw,19540918,8789649
369,184,esther,arbuckle,8,kanooka street,ashgrove farms,windang,4064,nsw,19540918,8789649
370,185,betie,nguyen,3,green street,the willows,aspendale gardens,2103,nt,19200216,9529557
371,185,bertie,whetstone,3,green street,the willows,aspendale gardens,2103,nt,19200216,9009837
372,186,dakota,moreoin,33,longmor ecrescent,three acres,forrestfield,2710,nsw,19151229,5031530
373,186,dakota,morrison,33,longmore crescent,three acres,brookvale,2710,nsw,19151229,5031530
374,187,tyron,dixon,45,grund place,zintara,munrudbn,2167,vic,19100305,8837588
375,187,tyron,dixon,45,grund place,zintara,munruben,2167,vic,19940207,8837588
376,188,stephanie,geu,28,bainton crescent,masonic memorial village,maryborough,2541,sa,19421008,3997529
377,188,stephanie,geue,28,bainton crescent,masonic memorial village,maryborough,2541,sa,19421008,3997529
378,189,kieren,reid,27,,oakdale,kirwsn,3922,nsw,19790121,2428295
379,189,allegra,reid,27,,oakdale,kirwan,3922,nsw,19790121,2438295
380,190,darcie,turtur,10,blacket street,eureka,beverly hills,2263,nsw,,2025650
381,190,darcie,turtur,10,blacket street,eureka,beverly hills,2263,nsw,19570422,2025650
382,191,charlotte,matthews,101,britten-jones drive,gregory heights,forest hill,2745,vic,19760807,5346114
383,191,charlotte,matthews,101,britten-jones drive,gregory heights,kilsyth,2745,vic,19760807,5346114
384,192,cochrane,renee,31,gledden street,,forreton,2011,qld,19880821,4922108
385,192,renee,cochrane,31,gledden street,kings apmts,forreston,2011,qld,19880821,4922108
386,193,campbell,ryan,15,coningham street,laguna retirement village,mount nelson,3059,nsw,19460529,9805743
387,193,ryan,campbell,15,coningham street,laguna retirement village,wynyard,3095,nsw,19460529,9859620
388,194,jaden,humphkreys,14,euree street,moorillyah,thornlie,3116,wa,19700116,9382782
389,194,jaden,humphreys,14,euree street,moorillyah,thornlie,3116,wa,19700116,9382782
390,195,chevonne,tognolni,9,milbus place,,kirwan,3156,nsw,19300524,4438021
391,195,chevonne,walkley,9,milbus place,gullamurra,kirwan,3156,nsw,19300524,4430821
392,196,carlin,clarwke,13,loch street,anzac house (cnr archer s street,kyabfam,5040,vic,19531013,3670162
393,196,carlin,clarke,13,loch street,anzac house (cnr archer s street,kyabram,5040,vic,19891111,3670162
394,197,charlie,clislsold,41,allchin circuit,,richardson,2196,vic,19270812,5711952
395,197,charlie,clissold,41,allchin circuit,kinross,richardson,2196,vic,19270812,5711952
396,198,david,stubbs,8,wehl place,minroa,sunnybank,2782,qld,19490218,1825686
397,198,david,stubbs,8,wehl place,minora,sunnybank,2782,qld,19490218,1825686
398,199,giuliana,hammill,83,cobby sjtteet,parish takowahl,potts point,3736,nsw,19941108,1238636
399,199,giuliana,hammill,31,cobby street,parish talowahl,potts point,3763,nsw,19941108,1238636
400,200,thomas,stephenson,86,tipilou ra street,village walk (cne high s street,eastwood,6630,nsw,19180524,3727893
401,200,thomas,stephenson,86,boas place,village walk (cnr high s street,eastwood,6630,nsw,19180524,3727893
402,201,e mma,moyse,,hallsville,biggs place,croydon north,6225,vic,19940601,7231579
403,201,emma,moyse,,biggs place,hallsville,croydon north,6225,vic,19940601,7231579
404,202,sarah,bradshaw,4,de littlezcircuit,mermaid plaza dentalyrcentre (cnr gold co,canley vale,3065,nsq,19090923,1686730
405,202,sarah,bradshaw,9,de little circuit,mermaid plaza dental centre (cnr gold co,canley vale,3065,nsw,19090923,1686730
406,203,,lipscombe,14,clift crescent,willandra,malvern seast,3073,nsw,19260101,3537397
407,203,william,lipscombe,14,clift crescent,willandra,malvern east,3073,nsw,19260101,3537397
408,204,caleb,mabokmarial,7,walker crescent,border park,erinwdale,2810,vic,19361207,1063069
409,204,alexandra,mabokmarial,7,walker crescent,border park,erindale,2810,vic,19361207,1063069
410,205,talan,campbell,15,heydon crescent,stockwekl hotel,diggers rest,3053,qld,19650220,2173865
411,205,rosie,campbell,15,heydon crescent,stockwell hotel,diggers rest,3053,qld,19650220,2173865
412,206,,lombardi,36,yerralee road,leisure living vlge,carlsruhe,3149,qld,19870919,1613132
413,206,rosa,lombardi,36,yerralee road,leisure living vlge,carlsruhe,3149,qld,19870919,1613132
414,207,lacey,clarke,54,starritt place,st fra ncis vlge,goomalibee,2600,wa,19700209,9397537
415,207,lacey,clarke,54,starritt place,st francis vlge,goomalibee,2600,wa,19700209,9307537
416,208,lochlan,savidge,41,pohlmanfstreet,moline vlilage,jingili,3071,vix,19140228,1498207
417,208,lochlan,savidge,29,pohlman street,moline village,jingili,3071,vic,19140228,1498207
418,209,jadk,rees,7,mckail rcescent,,boyanup,2720,qld,19891110,9572183
419,209,jack,rees,7,mckail crescent,,boyanup,2720,qld,19891110,9572183
420,210,bryce,fabel,3,nangor ytreet,sherwood,beaumaris,2484,qld,19540519,5014276
421,210,bryce,fabel,3,nangor street,sherwood,beaumaris,2484,qld,19540519,5014276
422,211,daniel,hanna,19,muntz street,,yagoona,5000,wa,19241216,8994110
423,211,matilda,hanna,175,muntz street,dorothy genders vlge,yagoona,5000,wa,19241216,8994110
424,212,,mcveigh,45,bougainville street,,ourimbh,6060,wa,19360219,8243761
425,212,,mcveigh,45,bougainville street,kimberley,ourimbah,6060,wa,19360219,8243761
426,213,scrbak,mitchell,950,holyman street,berkel ey vlge,safety bay,4300,nsw,19060811,3592109
427,213,mitchell,scrbak,950,holyman street,berkeley vlge,safety bay,4300,qld,19060811,3592109
428,214,sophie,cnoboy,9,learmonthh drive,,st albans,3163,,19360910,6636386
429,214,sophie,conboy,24,learmonth drive,robe community health centre,st albans,3136,,19360910,6636386
430,215,jeremiah,andretzke,35,,occar,burleigh waters,3198,vic,19281031,3150767
431,215,jeremiah,andretzke,35,hawdon street,occar,burleigh waters,3189,vic,19281031,3150767
432,216,ethan,,24,edman close,browie,werrington county,5048,vic,19320829,1194789
433,216,ethan,rosa,24,edman close,browie,werrington county,5048,vic,19320829,1194789
434,217,stephanie,nevyi,,gooromon ponds road,wiluna,hawthorn,2567,nsw,19860305,3779921
435,217,stephanie,nevin,,gooromon ponds road,wiluna,hawthorn,2567,nsw,19860305,3779921
436,218,georgia,pegg,21,carumbi place,kindbjerg,banyo,2340,vic,19280827,9890107
437,218,georgia,kyriacou,21,carumbi place,kindberg,banyo,2340,vic,19280827,9890107
438,219,joshua,porotschnig,9,shepherd street,rockview,limeburners creek,3120,nsw,19130422,7255490
439,219,joshua,porotschnig,9,shepherd street,rockview,limeburners creek,3121,nsw,19130422,7255490
440,220,heerey,tyler,14,phillimore place,allandale,hawthorn,2529,qld,19421103,3165960
441,220,tyler,heerey,14,phillimore place,allandale,surry hills,2529,qld,19421103,3165960
442,221,broke,durbridge,63,boult place,banamba,bacchusm arsh,6147,sa,19951015,6266446
443,221,brooke,durbridge,63,boult place,banamba,bacchus marsh,6147,sa,19951015,6266464
444,222,emiiyl,coleman,108,chewings street,berkeleyv lge,wellington point,2550,nsw,19421221,7206933
445,222,emiily,coleman,108,chewings street,berkeley vlge,wellington point,2550,nsw,19421221,7206933
446,223,jamilla,wallner,6,tullaroop street,willaroo,st james,4011,wa,19081209,6988048
447,223,,waller,6,tullaroop street,willaroo,st james,4011,wa,19081209,6988048
448,224,,coffey,8,buller crescent,sheep sttion,,4800,vic,19490409,3924737
449,224,peta,coffey,8,buller crescent,sheep station,,4800,vic,19490409,3924737
450,225,alia,streich,47,maranoaa street,rocky kend,rowvile,6152,vic,19790418,1975340
451,225,alia,streich,74,maranoa street,rocky bend,rowville,6152,vic,19790418,1975340
452,226,isabelle,webb,41,willoughby crescent,kalang,coffs harbour,6061,vic,19140326,6670738
453,226,isabelle,webb,41,willoughby crescent,kalang,coffs harbour,6061,vic,19140326,6607738
454,227,mia,purdon,23,ramsay place,mirani,gar butt,2206,vic,19831024,8099933
455,227,luke,purdon,23,ramsay place,mirani,garbutt,2260,vic,19831024,8099933
456,228,stephanie,rumbal,26,sollya place,erina ardns,galston,6285,nsw,19150614,5779913
457,228,stephanie,rumbal,26,griffin place,erina gardns,galston,6258,nsw,19710718,5779913
458,229,isabella,fitzptarick,10,tompsitt court,sanlyn,corio,6340,nsw,19771224,5262341
459,229,isabella,fitzpatrick,10,tompsitt court,sanlyn,corio,6330,nsw,19771224,5262341
460,230,thomas,wynne,920,leahy close,belmore rover,mitcham,3018,ua,19491220,9787222
461,230,thomas,wynne,920,leahy close,belmore river,mitcham,3018,wa,19491220,9787222
462,231,jade,matthews,49,ballonnest street,combog olong,young,6065,sa,19581231,5023792
463,231,jade,matthews,49,ballonnest street,combogolong,young,6065,sa,19581231,5023792
464,232,rhys,jeffries,3,whistlerplace,pepin,thornlands,4216,nsw,19200821,3750223
465,232,rhys,jeffries,3,whistler place,pepin,thornlands,4216,nsw,19200821,3750223
466,233,lucad,hearn,22,crofts crryscent,,bonbeach,3393,sa,19240909,1762633
467,233,lucas,hearn,22,crofts crescent,,bonbeach,3393,sa,19240909,1762633
468,234,chloe,mason,5,murranjni street,piercale,newborough east,2540,nsw,19010716,9389496
469,234,chloe,mason,5,murranji street,pieracle,newborough east,2540,nsw,19010716,9389496
470,235,silas,dent,16,wade street,tarwyn park,salisburyeast,2161,qld,19860810,7528902
471,235,isabella,imgraben,16,wade street,tarwyn park,salisbury east,2161,qld,19860810,7528902
472,236,isabella,woodbury,134,shara place,byrontatrcade,parkside,2448,nsw,,8116238
473,236,isabella,woodbury,134,shara place,byron arcade,parkside,2484,nsw,,8116238
474,237,joel,wh iteq,102,maray place,rosehill,belmont north,4870,tas,19291115,4676821
475,237,joel,white,102,maray place,rosehill,belmont north,4870,tas,19291115,4676821
476,238,hannja,noble,17,grace p lace,culburra retrmnt vlge,new farm,4285,nsw,19780329,5120262
477,238,tiahnee,noble,178,grace place,culburra retrmnt vlge,new farm,4285,nsw,19780329,5120262
478,239,amelia,kimmonth,25,grace place,welikrak,barwon heads,2012,vic,,5751890
479,239,mitchell,kimmonth,25,grace place,welikeak,barwon heads,2022,vic,,5751890
480,240,adam,croupch,930,crozierlcircuit,willow side versey stud,cressy,3777,nsw,19011112,3380075
481,240,adam,crouch,930,crozier circuit,willow side jersey stud,cressy,3777,nsw,19011112,3380075
482,241,brooke,pennell,32,jervois street,wheatlea,mooraobbin,4821,nsw,19641212,7585474
483,241,brooke,pennell,32,jervois street,wheatlea,moorabbin,4821,nsw,19641212,7585474
484,242,elle,millpar,45,richardson circuit,,westmead,3104,vic,,2679526
485,242,monique,millar,45,richardson circuit,caravn park,westmead,3104,vic,,2679526
486,243,emiily,prieaux,102,hicks street,loccnn229,bondi junction,5011,sa,19420429,1107619
487,243,nicholas,prideaux,9,hicks street,loccn 7229,bondi junction,5011,sa,19420429,1107619
488,244,jack,spawton,43,mathieson crescent,locn 1025,greenacre,6014,qld,19080317,3656816
489,244,jack,spawton,43,jevons place,locn 1025,greenacre,6014,qld,19080317,3656816
490,245,riley,h o,54,discover ystreet,rockview,orange,2011,wa,19740212,5033334
491,245,riley,ho,53,discovery street,rockview,orange,2011,wa,19000702,5033334
492,246,burford,jack,26,noongale wcourt,kiandra,highgate,2614,vic,19101115,3392254
493,246,jack,burford,26,noongale court,kiandra,highgate,2614,vic,19101115,3392254
494,247,lily,huxley,45,currie crescent,waribalda,beverly hills,2073,qld,19510420,4379936
495,247,lily,huxley,45,currie crescent,warialda,harristown,2073,qld,19510420,4379936
496,248,lachlan,basi,20,lindrum crescent,,carlsruhe,2130,qld,19261223,2379460
497,248,lachlan,basri,11,lindrum crescent,the shanty,carlsruhe,2130,qld,19261223,2379460
498,249,,kilby,,collicott circuit,lassaan,success,2795,,19040302,2952029
499,249,josephine,kilby,,collicott circuit,lassaan,success,2795,wa,19941116,2952029
500,250,angelina,reece,34,wray pylace,brookto nh ouse,toowoomba,7140,qld,19350613,7961545
501,250,angelina,reece,20,wray place,brookton house,toowoomba,7140,qld,19350613,7961545
502,251,paige,lowe,3,chave street,keelee,gowwie,2906,qld,19140707,2534242
503,251,paige,lowe,3,chave street,keelee,gowrie,2906,qld,19140707,5860195
504,252,zali,seen,38,hay street,oakda le,rapid creek,7250,nsw,19411227,3817305
505,252,zali,seen,38,hay street,oakdale,rapid creek,7250,nsw,19411227,3817305
506,253,harry,ryn,5,kellway street,rowethorpe,toowong,3931,nsw,19220503,7228670
507,253,alana,ryan,5,kellway street,rowethorpe,toowong,3931,nsw,19220503,7228670
508,254,paterson,madeleine,13,,,young,5045,nsw,19300302,2277800
509,254,madeleine,paterson,,brigalow street,,young,5045,nsw,19300302,2277800
510,255,kyle,nobel,207,,rowethorpe,ellaswood,3148,nsw,,8121172
511,255,kyle,noble,207,,rowethorpe,ellaswood,3148,nsw,,8121172
512,256,evangelia,,4,naas rrad,wync liffe,gwandalan,2006,act,19820125,1025941
513,256,evangelia,,3335,naas road,wyncliffe,gwandalan,2060,act,19820125,1025941
514,257,,zimmerrmnn,9,booroondara street,tallinga park,dulwich hill,2226,qld,19351228,4406308
515,257,erin,zimmermann,80,booroondara street,tallinga park,dulwich hill,2226,qld,19351228,4406038
516,258,mikayla,egan,109,heidelberg street,peppermint springs bendoc,mermaid waters,3875,,19731003,8652616
517,258,fynn,egan,109,heidelberg street,peppermint springs bendoc,mermaid waters,3875,,19731003,8652616
518,259,julia,lombardi,3,moorhouse street,salford waters re,ashwooe,2251,vic,19150122,8397643
519,259,julia,lombardi,65,moorhouse street,nuffield village,ashwood,2251,vic,19150122,8397643
520,260,cooper,clarkr,150,beetaloo street,nioak,tweed heds south,3121,tas,19490705,4590339
521,260,cooper,clarke,150,beetaloo street,nioka,tweed heads south,3121,tas,19490705,4590339
522,261,,wilde,47,the canberra hospital,darwiniaerrace,melville,3929,vic,19270428,6646723
523,261,sebastian,wilde,47,darwinia terrace,the canberra hospital,melville,3929,vic,19270728,6646273
524,262,,boulter,20,tazewell circuit,berkeley vlge,potts point,2450,vic,19420722,5269403
525,262,alexandra,boulter,22,tazewell circuit,berkeley vlge,potts point,2450,vic,19420722,5269403
526,263,jarrod,polak,10,parsons street,nareen gardens hostel,elsternwikc,6317,sa,19330222,4360449
527,263,jarrod,polak,10,parsons street,nareen gardens hostel,elsternwick,6317,nsw,19330222,4360449
528,264,,weller,2,wittenoom gcrescent,nerrgia,ashford,4656,qld,,3001876
529,264,,weller,7,wittenoom crescent,nerriga,ashford,4655,qld,19990716,3001876
530,265,mathilde,delvediep,6,giliruk crescent,,ivanhoe east,3011,qld,19050429,9842233
531,265,mathilde,delvendiep,66,giliruk crescent,,ivanhoe east,3011,qld,19050429,9842233
532,266,sarah,manos,101,learmonth drive,glenhurst,stanumore,2481,vic,19071213,6862377
533,266,sarah,manos,9,learmonth drive,glenhurst,stanmore,2481,vic,19071213,6862377
534,267,griffin,coleman,42,lypaitt,lindrum crescent,hoppers crossing,6064,nsw,19070716,8270503
535,267,griffin,coleman,42,lindrum crescent,lypiatt,hoppers crossing,6054,nsw,19070716,8270503
536,268,crystal,reid,,palana place,river bend,bucaisa,3222,wa,19600331,4829005
537,268,crystal,reid,,palana place,river bend,bucasia,3222,wa,19790710,4829005
538,269,kyld,crouch,128,faunce crsecent,bulga wine estates,kingston,2257,nsw,19110126,9092700
539,269,kyle,crouch,128,faunce crescent,bulga wine estates,kingston,2257,nsw,19110126,9092700
540,270,hannah,spong,32,elliswplace,wallaby,albany creek,3818,tas,19630205,8442523
541,270,hannah,spong,16,ellis place,wallaby,albany creek,3818,tas,19630205,8442523
542,271,,white,25,jacka crescent,,marmong point,7250,wa,19280224,5596702
543,271,ashley,white,25,jacka crescent,red gate,marmong point,7250,wa,19280224,5596702
544,272,bridget,pocarl,140,thornton place,crown a llot,east maitland,2114,wa,19860816,8115038
545,272,archer,pocaro,140,thornton place,crown allot,east maitland,2114,wa,19860816,8115038
546,273,gibb,jasmine,137,allwood street,coolibah,bellambi,5142,vic,19850502,1488892
547,273,jasmine,gibb,72,allwood street,coolibah,bellambi,5142,vic,19850502,1488892
548,274,jade,p aine,21,rose scotet circuit,,taringa,4405,nsw,19191105,7184624
549,274,jade,paine,12,rose scott circuit,,taringa,4405,nsw,19191105,7184624
550,275,ebony,loke,16,ambalindum street,hmas cerberus,figtree,3677,wa,19370201,2572291
551,275,ebony,loke,40,ambalindum street,hmas cerberus,figtree,3677,wa,19370201,2572291
552,276,anthony,berry,11,a'beckett street,,minchinbury,3930,sa,19370703,8728762
553,276,anthony,berry,11,a'beckett street,hd curramulka,minchinbury,3930,sa,19370703,8728762
554,277,laim,grosser,12,ellenborough street,mayflower rermnt vlge,marsden,6008,nsw,,2351372
555,277,liam,grosser,12,ellenborough street,mayflower retrmnt vlge,marsden,6008,nsw,,2351372
556,278,joshus,maclennan,41,karsjl,roper nplace,eight mile plains,2795,qld,19700525,8982317
557,278,joshua,maclennan,41,roper place,karsul,eight mile plains,2795,qld,19700525,8982137
558,279,kyle,rundle,107,greenhood place,willowd trees,brigthon,5074,nsw,19460902,6532949
559,279,kyle,rundle,107,greenhood place,willows trees,brighton,5074,nsw,19460902,6532949
560,280,catherine,couzens,4,balamara street,landen,frankston,2099,wa,19080905,8642862
561,280,catherine,couzens,41,balamara street,landen,frankston,2099,wa,19080905,8642862
562,281,benjsmin,fitzpatrick,66,little ilace,brindabella specialist centre,bellevue hill,3218,sa,19790929,2970456
563,281,benjamin,fitzpatrick,9,little place,brindabella specialist centre,bellevue hill,3218,sa,19790929,2970456
564,282,lewis,bishop,1,fawknerstreet,athlone,deepwater,7018,vic,19410829,8879962
565,282,lewis,bishop,1,banfield street,athlone,deepwater,7018,vic,19410829,6196273
566,283,caleb,radic,17,moon place,coor alook,south perth,4305,nsw,19471021,6519249
567,283,caleb,radic,17,moon place,cooralook,south perth,4305,nsw,19471021,6519229
568,284,jacob,di chiera,61,bimbiang crescent,the manor garden,unanderra,4680,nsw,19610831,2176932
569,284,jacob,di chiera,61,bimbiang crescent,the manor garden,unanderra,4680,nsw,19850614,2176932
570,285,kirah,mccarthy,14,laseron place,,winmalee,2073,wa,19400306,2583973
571,285,kirrah,mccarthy,79,laseron place,rowethorpe,winmalee,2073,wa,19400306,2583973
572,286,evangelia,shepherd,9,crichton crescent,mirilla,lutwylche,2794,qld,19900909,3877160
573,286,evangelia,shepherd,9,crichton crescent,mirilla,lutwyche,2794,qld,19900909,3877160
574,287,zakariah,hoyland,82,rooth place,pindaramedical centre,dianlela,6164,qld,19900707,6754522
575,287,zakariah,hoyland,82,rooth place,pindara medical centre,dianella,6164,qld,19900707,6754522
576,288,eriaz,keacny,6,nicklin cre scent,char lstown,longeach,2706,vic,19280802,3061208
577,288,eliza,keany,6,nicklin crescent,charlestown,longreach,2760,vic,19280802,3061308
578,289,eliza,block,,rylah crescent,pepinmarti,long jexty,6024,vic,19990406,8442507
579,289,eliza,block,12,rylah crescent,pepinmarti,long jetty,6024,vic,19990406,8442507
580,290,bne,browen,42,tillyard drive,willow wood,mentone,2231,vic,19241201,5216720
581,290,ben,browne,42,tillyard drive,willow wood,mentone,2232,vic,19241201,5216720
582,291,justin,clarke,12,ahmatt street,moline ivllage,rowvil le,6150,vix,19990220,6779471
583,291,justin,clarke,12,ahmatt street,moline village,rowville,6105,vic,19990220,6779471
584,292,pace,b laqe,12,goble street,ashleigh house bergen court,haddon,3056,vic,19751212,1356319
585,292,pace,blake,12,goble street,ashleigh house bergen court,haddon,3056,vic,19751212,1356319
586,293,holly,northway,3,collingridge street,brentwoo d vlge,sunshine,2324,vic,19850215,5614773
587,293,holly,northway,3,collingridge street,brentwood vlge,sunshine,2324,vic,19850215,5614773
588,294,william,bishop,21,neworra place,apmn t65,worongary,6225,qld,19490130,9773843
589,294,william,bishop,21,neworra place,apmnt 65,worongary,6225,qld,19490130,9773843
590,295,eliza,giannikouris,35,ebelin g court,dooducinn,seymoux,3162,qld,19781218,7680660
591,295,eliza,giannikouris,35,ebeling court,dooducinn,seymour,3162,qld,19781218,6927093
592,296,grace,vincent,30,hargraves crescent,,collie,2290,act,19490123,3823565
593,296,grace,vincent,44,hargraves crescent,,collie,2290,act,19490123,3823565
594,297,rosie,mullin,11,robinson street,sherw ood,lower chittering,3020,nsw,19880526,2244489
595,297,rosie,mullin,11,robinson street,sherwood,lower chittering,3020,nsw,19880526,2244489
596,298,jessie,gasparin,38,,,kingaroy,2269,vic,19621119,7819369
597,298,jessie,gasparin,38,southwell street,,kingaroy,2260,vic,19621119,7819359
598,299,emma,ladeaman,127,badimara street,frm 6 54,kendall,4227,qld,19621226,7489264
599,299,emma,lademan,127,badimara street,frm 654,kendall,4227,qld,19621226,7489264
600,300,charldotte,campbell,14,tenison-woods circuit,granitg hill,punchbowl,3084,nsw,19350506,9910011
601,300,charlotte,campbell,14,wuronga hill street,granite hill,punchbowl,3084,nsw,19350506,9910011
602,301,mcphail,benjamin,33,straliaplace,martins wele station,umina beach,4814,qld,19540903,6563107
603,301,benjamin,mcphail,33,stralia place,martins well station,umina beach,4814,qld,19481218,6563107
604,302,luke,jayaraman,33,eungella street,,broken hill,3172,nsw,19590818,4910207
605,302,chloe,jayaraman,33,eungella street,victoria mill estate,broken hill,3172,nsw,19590818,4910207
606,303,charlie,,4,terewah circuit,legacy v lge,crib point,6167,nsw,,1597495
607,303,charlie,,4,terewah circuit,legacy vlge,crib point,6167,nsw,19140715,1597495
608,304,andrew,bradshaw,238,berne creswcent,,greensborough,3059,sa,19941118,6385642
609,304,andrew,bradshaw,238,berne crescent,civic centre,greensborough,3095,sa,19941118,6385462
610,305,amelia,ryan,35,sidaway street,jemalong retrmnt vlge,avalon,3184,nsw,19230301,1613259
611,305,edward,ryan,35,sidaway street,jemalong retrmnt vlge,avalon,3184,nsw,19230301,4392917
612,306,dominey,timothy,23,bacchus hircuit,frankston car avan park,werrington,2405,vic,19600222,3125388
613,306,timothy,coffey,23,bacchus circuit,frankston caravan park,werrington,2450,vic,19600222,3125388
614,307,varano,max,16,birrigaisquare,arabian stud ielkette park,dandenong north,6051,vic,19700713,7737012
615,307,max,varano,16,birrigai square,arabian stud kelkette park,dandenong north,6051,vic,19700713,7737012
616,308,archer,shepherd,7,cullen street,monrtoe,williamstown,2032,nsw,19670318,3005717
617,308,archer,shepherd,7,cullen street,montrose,williamstown,2032,nsw,19670318,3005717
618,309,shelbey,siggins,43,carroll street,albion grove,tin cam bay,4359,qld,19871105,6396028
619,309,micaela,siggins,43,carroll street,albion grove,westbury,4359,qld,19871105,6396028
620,310,ruby,fogg,58,illingworth street,glenmohe,floreat,3201,wa,19330914,7455590
621,310,ruby,fogg,58,illingworth street,glenmore,floreat,3021,wa,19330914,7455590
622,311,caitlin,clarke,,sternberg crescent,promenade arcade,rankin park,3909,nsw,19680216,9737004
623,311,caitlin,clarke,631,sternberg crescent,promenade arcade,rankin park,3909,nsw,19280716,9737004
624,312,alexandra,,65,hobart place,sec 791,lalor park,2090,vic,19200321,2042439
625,312,olivia,,65,hobart place,sec 791,lalor park,2090,vic,19200321,2042439
626,313,tiahana,gaskin,12,crispcircuit,community hospt lmedcl centre,kurri kurri,2624,vic,19190716,4264536
627,313,tiahana,gaskin,12,crisp circuit,community hosptl medcl centre,kurri kurri,2622,vic,19190716,4264536
628,314,hattie,white,20,ebden street,arkbaa,lalor,4750,nsw,19250301,2133927
629,314,hattie,white,20,ebden street,arkaba,lalor,4750,nsw,19250301,2133927
630,315,takeisha,smallacombe,63,sharwood orescent,crangrook,maafoom,2232,,19830121,4715508
631,315,takeisha,smallacombe,5,sharwood crescent,cranbrook,maaroom,2232,,19830121,4715508
632,316,alexa-rose,campblel,17,neeld place,,narooma,2205,qld,19490410,1531199
633,316,alexa-rose,campbell,17,neeld place,milton,narooma,2205,qld,19490410,1531199
634,317,alex,griffen,155,lambertm street,broadbricge manor,kilsyth,4822,vic,19381213,7355934
635,317,lilian,griffen,155,lambert street,broadbridge manor,kilsyth,4829,vic,19381213,7355934
636,318,riley,thorpe,110,patten srreet,mt pleasant,sylvania,3913,nsw,19390302,1368566
637,318,riley,thorpe,1,patten street,mt pleasant,sylvania,3913,nsw,19390302,1368566
638,319,adam,caire,45,,rowethorpe,colac,2651,vic,19371028,6500124
639,319,adam,caire,45,matina street,rowethorpe,colac,2615,vic,19371028,6500124
640,320,willow,ryan,,bradfield street,sec 209 clifton farm,mount c olah,4035,nsw,19930803,3832827
641,320,willow,ryan,764,bradfield street,sec 209 clifton farm,mount colah,4053,nsw,19930803,8141746
642,321,malskai,mcvey,109,budden crescent,billen cliffsc aravn park,manly v ale,2295,nsw,19030707,7911018
643,321,malakai,mcvey,109,budden crescent,billen cliffs caravn park,manly vale,2259,nsw,19030707,7911018
644,322,paine,melanie,4,andrewsstreet,rosetta village,salisbury east,3095,qld,19521118,2053758
645,322,melanie,paine,4,andrews street,rosetta village,salisbury east,3095,qld,19521118,2053758
646,323,bordin,brody,45,canberra centre (next to medicare),corombie,figtree,2485,qld,19510904,8728984
647,323,joel,bordin,45,canberra centre (next to medicare),corombie,figtree,2485,qld,19510904,8728984
648,324,madeline,najhm,13,boronia drive,poplar bend,evans head,4216,nsw,19420813,8918633
649,324,madeline,najm,13,boronia drive,poplar bend,evans head,4216,nsw,19420813,8918633
650,325,jemima,mcveigh,14,becker uplace,,armidale,3107,sa,19600320,8051824
651,325,jemima,mcveigh,14,becker place,,armidale,3107,sa,19600320,8051824
652,326,teegan,dreckow,6,lawrence crlescent,rosetta village,mona vale,4704,nsw,19750629,4075592
653,326,teegan,dreckow,6,lawrence crescent,rosetta village,mona vale,4074,nsw,19750629,4075592
654,327,sean,campbell,167,cambridge street,kyeema,frenchs forest,2141,sa,19400222,3000636
655,327,zoe,campbell,167,cambridge street,kyeema,frenchs forest,2141,sa,19400222,3000636
656,328,tristan,white,21,carandini s treet,southern cross,wilston,4306,nsw,19330405,5858851
657,328,tristan,white,21,carandini street,southern cross,wilston,4306,nsw,19330405,5858851
658,329,emiily,kowald,18,daglish street,oakd ale,avalon,3030,vic,19250313,1590627
659,329,emiily,kowald,18,daglish street,oakdale,avalon,3030,vic,19250313,1590627
660,330,luke,,23,,calala farm,balwyn north,4872,vic,19050323,5092830
661,330,luke,akkermans,23,,calala farm,balwyn north,4872,vic,19050323,5092830
662,331,riley,freq,33,clive stee le avenue,arcadia,ascot vale,7250,vic,19210304,3817732
663,331,riley,frew,33,clive steele avenue,arcadia,vermont,7250,vic,19210304,3817732
664,332,wynne,emiild,51,bungonia street,glenbrae,burringbar,2210,sa,19760814,2855156
665,332,emiily,wynne,51,bungonia street,glenbrae,burringbar,2210,sa,19760814,2855156
666,333,thomas,graue,4,dinnison gcircuit,vila 178,clovelly,4123,wa,19120911,5760570
667,333,thomas,shepherd,4,dinnison circuit,vila 178,clovelly,4123,wa,19120911,6706820
668,334,nicholas,,289,britten-jonues drive,jabaru court,paddington,2000,vic,19970422,5062738
669,334,nicholas,,289,britten-jones drive,jabaru court,paddington,2000,vic,19970422,5062738
670,335,alexa-rose,lowe,67,ballara t street,the willows,westwood,4012,nsw,19691123,2624157
671,335,alexa-rose,lowe,67,ballarat street,the willows,westwood,4011,nsw,19691123,2624157
672,336,lexie,cochrane,,ararat retirement village,paul coe crescent,auburrn,2940,tas,19320809,4618363
673,336,lexie,cochrane,,paul coe crescent,ararat retirement village,auburn,2904,tas,19320809,4618363
674,337,kyale,bullivnt,4,woolrych street,amble side garden,comboyne,3912,wa,19590523,7453255
675,337,kyle,bullivant,4,woolrych street,amble side garden,rosebud,3192,wa,19590523,7453525
676,338,robert,,9,crease place,,calliope,4053,vic,19600702,1133078
677,338,robert,ranson,9,crease place,,calliope,4053,vic,19600702,1133078
678,339,nichooas,campbell,87,poyntonstreet,karma park,albion park,4655,qld,,7900575
679,339,nicholas,campbell,87,poynton street,karma park,albion park,4655,qld,19041212,9882754
680,340,george,stephanie,6,young astreet,gowrie,brighton-le-sands,2325,,19260627,8708965
681,340,stephanie,george,6,young street,gowrie,brighton-le-sands,2325,qld,19260627,8708965
682,341,emiily,george,4,barnett close,west gippslan d hospital,modnury,5235,,19861104,3211932
683,341,emiily,george,4,marawa place,west gippsland hospital,modbury,5253,qld,19861104,4599952
684,342,kayla,honeychurch,,sturt avenue,dimenttowers,ashgrove,2405,vic,19140727,7800242
685,342,kayla,honeychurch,102,sturt avenue,diment towers,ashgrove,2450,vic,19151022,7800242
686,343,mikhayla,clarke,61,vincent place,,allambie heights,2146,vic,19900107,1806059
687,343,mikhayla,clarke,16,vincent place,,allambie heights,2146,vic,19900107,1806059
688,344,,stephenson,52,,north stirilng downs,coolaroo,2259,qld,19630521,1797144
689,344,,julius,52,florey drive,north stirling downs,coolaroo,2259,qld,19630521,1797144
690,345,alicia,asher,,flanagan tsreet,leitchrs ck,rodds bay,4119,tas,19620928,9386345
691,345,alicia,asher,29,flanagan street,leitches ck,rodds bay,4119,tas,19620928,9386345
692,346,laura,stubbs,68,eyre street,westwood homestead,,4871,qld,19621222,1310830
693,346,laura,stubbs,68,eyre street,westwood homestead,palm island,4871,qld,19621222,1310830
694,347,teilah,webb,6,blanc court,illoura gla ss studio,rosewater,2913,qld,19090609,2419139
695,347,teileah,webb,6,blanc court,illoura glass studio,maryborough,2913,qld,19090609,2419139
696,348,lauren,panagais,9,eleanora strreet,,cronulla,5038,nsw,19380726,2493383
697,348,caitlin,panagaris,91,eleanora street,,cronulla,5038,nsw,19380726,2439383
698,349,white,chelsea,66,glossop crescent,taronga,boulder,6009,nsw,19210810,8587028
699,349,chelsea,white,66,glossop crescent,taronga,boulder,6009,nsw,19210810,8587028
700,350,monique,gergely,21,harwoos court,hyberni a park,sherwood,2207,nsw,19790807,7375144
701,350,monique,gergely,21,harwood court,hybernia park,sherwood,2207,nsw,19790807,7375144
702,351,thomas,wijedasa,152,powers place,carney's arcade,bowen hills,6021,tas,19820415,8129413
703,351,thomas,wijedasa,152,powers place,carney's arcade,bowen hills,6021,tas,19820415,8192413
704,352,sophie,procter,23,paul coe crescent,the lakea village,port lincoln,4109,sa,19500121,4063636
705,352,hayley,procter,23,paul coe crescent,the lakes village,port lincoln,4109,sa,19500121,4063636
706,353,sarah,alves,12,deumonga court,city centre plaza,newstead,3083,nsw,19970107,2371619
707,353,sarah,coulson,12,deumonga court,city centre plaza,newstead,3083,nsw,19970107,2371619
708,354,james,girdler,11,russell drysdale crescent,rowet hlrpe,mansfirld,4551,tas,19420915,1041588
709,354,james,girdler,11,russell drysdale crescent,rowethorpe,mansfield,4551,tas,19420915,1041588
710,355,vendula,covion,,kirwanc ircuit,brentwood vlge,inglewood,4577,qld,19310207,1420464
711,355,vendula,covino,1,kirwan circuit,brentwood vlge,albury,4575,qld,19310207,1420464
712,356,timothy,zaluski,94,fraser court,,mount melville,3095,vic,19841003,9265651
713,356,timothy,zaluski,94,fraser court,coolibah,mount melville,3095,vic,19841003,9265651
714,357,erin,reid,2,temperley street,,venusbay,2705,nsw,,7311880
715,357,erin,reid,16,temperley street,,venus bay,2705,nsw,,7311880
716,358,caleb,ferrus,4,grattan court,hardways,hoppers crossing,2060,wa,19960205,2947945
717,358,caleb,ferris,41,grattan court,hardways,hoppers crossing,2060,wa,19960205,2947945
718,359,joshua,bishojp,53,d'hagecurt,dovers flat,salt ash,3629,vic,19590302,8180464
719,359,joshua,bishop,53,d'hage court,dovers flat,salt ash,3629,vic,19590302,8180464
720,360,lachlan,heanr,7,booth crescent,unt 5l,leichhardt,5037,nsw,19300818,3179241
721,360,alexandra,hearn,7,booth crescent,unt 5,leichhardt,5037,,19300818,3179241
722,361,lachlan-john,green,5,,canobolascaravn park,blacktown,2085,nsw,19610527,1361558
723,361,lachlan-john,green,5,,canobolas caravn park,blacktown,2089,nsw,19610527,1361558
724,362,ella,reid,,twamley crescent,stanton,peterborough,3677,qld,19090330,4720157
725,362,ella,reid,93,twamley crescent,stanton,peterborough,3677,qld,19090330,4721057
726,363,jaime,karlsen,18,gloverastreet,kingaryog arden,scarborough,5070,nsw,19190102,4936525
727,363,jaime,karlsen,18,glover street,kingaroy garden,scarborough,5070,nsw,19190102,4936525
728,364,baile,campbell,136,porteous crescent,teasdle park,albany creek,3942,vic,19830721,8875552
729,364,bailey,campbell,136,porteous crescent,teasdale park,albany creek,3942,vic,19830721,8875552
730,365,karli,churches,6,canber ra avenue,aranmor,port kmebla,2548,sa,19541025,3944108
731,365,karli,churches,6,canberra avenue,aranmor,port kembla,2548,sa,19541025,3944108
732,366,emiily,blake,31,platt place,kyeea,thornbury,2303,nsw,19731202,6640466
733,366,emiily,blake,31,platt place,kyeema,thornbury,2303,nsw,19731202,6640466
734,367,giaan,bloca,41,pickles street,medicalcentre,seafouh,2223,wa,19020327,5548404
735,367,giaan,block,41,pickles street,medical centre,seaforth,2223,wa,19020327,5548404
736,368,fergua,crofuch,444,charlotte street,queens lake village,brighton,2221,nsw,19160610,4908402
737,368,fergus,crouch,444,charlotte street,queens lake village,brighton,2221,nsw,19160610,4908402
738,369,daniel,rickett,182,adamsoncrescent,,glen innes,2505,vic,19550105,9436200
739,369,daniel,rickett,182,adamson crescent,,glen innes,2505,vic,19550105,9436200
740,370,rourke,webv,5,welsby pnlace,bungarra,island b each,6020,nsw,19780601,8955738
741,370,rourke,webb,5,welsby place,bungarra,island beach,6020,nsw,19780601,3380232
742,371,emmerson,braithwaite,14,forbes street,rosetta violage,wangaratta,2220,nsw,19131231,7841147
743,371,emmerson,braithwaite,14,forbes street,rosetta village,wangaratta,2220,nsw,19131231,7841147
744,372,talia,ho,117,illingworth street,liselivan,wynnum west,3201,vic,19740208,2143356
745,372,talia,ho,117,illingworth street,liselican,wynnum west,3201,vic,19740208,2143356
746,373,deakin,sondergeld,231,goldfinch circuit,kooltuo,canterbury,2509,vic,19600210,2635962
747,373,deakin,sondergeld,48,goldfinch circuit,kooltuo,canterbury,2776,vic,19600210,2635962
748,374,john,bansemer,73,rhosewyn,bynoe place,lakeclifton,2649,qld,,7437039
749,374,john,bansemer,73,bynoe place,rhosewyn,lake clifton,2640,qld,,7437039
750,375,emma,speight,8,investigator street,willarfo,tweed headsysouth,2770,vic,19630623,5067534
751,375,emma,speight,8,investigator street,willaroo,tweed heads south,2770,vic,19630623,5061534
752,376,white,jacob,5,findlay wtreet,booroopki park rmb 596,robina,2197,vic,19170205,4702928
753,376,jacob,white,5,findlay street,booroopki park rmb 596,robina,2197,vic,19170205,4702928
754,377,jacqueline,newb ofund,80,dalrymple street,sec 654 hd pt gawler cnr boundary,,3153,nsw,19200924,1496546
755,377,jacqueline,newbound,80,dalrymple street,sec 654 hd pt gawler cnr boundary,,3153,nsw,19200924,1496546
756,378,sam,white,21,pryor place,gostwyck,cmoo,4507,nsw,19390109,2892363
757,378,sam,white,21,pryor place,gostwyck,como,4507,nsw,19390109,2892363
758,379,alex,bullock,7,shoalhaven avenue,druid'soak,cromer,2300,nsw,19460903,5781510
759,379,alex,bullock,7,shoalhaven avenue,druid's oak,cromer,2300,nsw,19460903,5781510
760,380,folo,neneh,514,kangaroo court,clustre,bridgwater,2536,tas,19441006,7291657
761,380,neneh,folo,514,john cleland crescent,cluster,bridgewater,2536,tas,19441006,7291657
762,381,anneliese,clarke,109,arawang,langdon avenue,pakenham,3114,nsw,19000404,9135773
763,381,anneliese,clarke,16,langdon avenue,arawang,pakenham,3114,nsw,19000404,9135773
764,382,joshua,rickett,1,burraly corut,malladuo,belleve hill,2439,act,19030121,4310453
765,382,joshua,rickett,1,burraly court,malladup,new farm,2439,act,19030121,4310453
766,383,cononr,lutz,55,burkitt street,connoisseur quarterhorses,the basin,3166,vic,19970727,6308695
767,383,connor,lutz,55,burkitt street,connoisseur quarterhorses,the basin,3166,vic,19970727,6308695
768,384,callum,grossman,3,downard street,st vincents mdeical centre,wangaratta,4211,nsw,19770402,7743698
769,384,callum,grossman,3,downard street,st vincents medical centre,wangaratta,4211,nsw,19770402,7743698
770,385,isabella,defrancesco,24,meyrick place,marx garden world,wellingotn point,2759,vic,19040819,8342399
771,385,isabella,defrancesco,24,meyrick place,marx garden world,wellington point,2759,vic,19040819,8342399
772,386,dylan,dolby,110,dookie atreet,kellhaven,lindfield,2259,nsw,19660611,2162628
773,386,dylan,dolby,110,dookie street,kellhaven,lindfield,2251,nsw,19660611,2162628
774,387,jade,edgecombe,1,starke srteet,white lodge,tottmeham,6110,vci,19100514,7922321
775,387,jade,edgecombe,1,starke street,white lodge,tottenham,6110,vic,19100514,7922321
776,388,patrick,carr exa,78,carnegie crescent,binna long,towragi,3802,wa,19290412,1595174
777,388,patrick,carrera,78,carnegie crescent,binnalong,towradgi,3802,wa,19290412,1595174
778,389,callum,fauser,,sandover circuit,eagleview,clare,3021,nsw,19970227,2873125
779,389,callum,fauser,4,sandover circuit,eagleview,clare,3021,nsw,19970227,2873125
780,390,pia,sherriff,352,birdwood street,st vincents mrd ical centre,mosman,7008,nsw,19500313,3153641
781,390,pia,sherriff,352,birdwood street,st vincents medical centre,mosman,7008,nsw,19500313,3153641
782,391,charman,blade,24,mcvilly cose,inglemet,cooran,4211,nsw,19980531,1125609
783,391,blade,charman,30,mcvilly close,inglemer,cooran,4211,nsw,19980531,1125609
784,392,joshua,beelitz,5,bargang crescent,,greencre,6018,nsw,,3380428
785,392,joshua,beelitz,5,bargang crescent,,greenacre,6018,nsw,19480121,3380428
786,393,koula,campbell,4,angophora street,,woodville gardens,3350,qld,19550222,4031513
787,393,koula,campbell,4,angophora street,,blacktown,3350,qld,19550222,4031513
788,394,jad,gildrea,2,mccawley street,nr cnr school art,malvern,6722,qld,19440429,8069828
789,394,emma,gildea,2,mccawley street,nr cnr school art,malvern,6722,qld,19440429,8069828
790,395,isaac,schepoirs,118,tattersall crescent,coaake,kyogle,2212,nsw,19861116,3474290
791,395,sarah,schepers,118,tattersall crescent,coaake,kyogle,2212,nsw,19260705,3474290
792,396,isabelle,witty,,brereton street,glen nia,figtrwee,4555,wa,19980406,8008949
793,396,isabelle,witty,,brereton street,glen mia,figtree,4555,wa,19980406,8008949
794,397,luke,nicolle,36,muggaw ay,portal crn hives,bayswater,7325,vic,19630119,3507733
795,397,luke,nicolle,36,federal highway,portal cnr hives,bayswater,7325,vic,19630119,3507733
796,398,wiechec,mikhayla,58,gilmore drescent,walkabou t palms,goonelrabah,3138,qld,19581122,7137361
797,398,mikhayla,wiechec,58,gilmore crescent,walkabout palms,goonellabah,3138,qld,19581122,7137361
798,399,mikhayla,blunden,,andrews street,killarney,east innisfail,4131,qld,19500525,5328045
799,399,mikhayla,blunden,50,andrews street,killarney,east innisfail,4131,qld,19500525,5328045
800,400,claire,gooee,2,powellstreet,roge r dee,orchard hills,2233,wa,19090817,9266527
801,400,claire,goode,2,powell street,roger dee,orchard hills,2323,wa,19090817,9266527
802,401,matthew,green,28,banks srteet,old ffarm,mooroofbark,6108,nsw,19161230,6391014
803,401,matthew,mccarthy,28,banks street,old farm,mooroolbark,6108,nsw,19161230,5341202
804,402,talyaj,webb,18,richards s treet,bishops creek,burleigh waters,2230,qld,19160729,7328160
805,402,taylah,webb,18,richards street,bishops creek,burleigh waters,2230,qld,19160729,7328106
806,403,gemaeky,matthews,388,goessling place,evergreen,pennant hills,3194,nsw,19730826,4691516
807,403,gemaley,matthews,388,goessling place,evergreen,pennant hills,3194,nsw,19730829,4691516
808,404,blake,bailey,31,foxall sreet,nioka,miling,7322,nsw,,4346541
809,404,bailey,blake,31,foxall street,nioka,miling,7322,nsw,,4346541
810,405,sophie,mewett,11,sculptor street,west road,blakctown,5034,vic,19081112,5955980
811,405,sophie,mewett,11,sculptor street,west road,blacktown,5034,vic,19081112,5955980
812,406,toby,white,35,esperancep street,,bicron,2064,wa,19800820,7210381
813,406,toby,white,35,esperance street,,bicton,2046,wa,19800820,7210381
814,407,douglas,mycko,,biraban place,,loganholme,2013,vic,19500411,3256786
815,407,douglas,mycko,,biraban place,,loganholme,2103,vic,19500411,3256786
816,408,karli,nelsn,6,hugs lane,linvale,ivanhoed,4035,nsw,19570420,4841894
817,408,karli,nelsen,2,hugs lane,linvale,ivanhoe,4035,nsw,19570420,4841894
818,409,zebediah,mcpahil,94,langdoneavenue,jandarra,patterson lakes,3029,qld,19920711,2109237
819,409,liam,mcphail,94,langdon avenue,jandarra,patterson lakes,3029,qld,19920711,2109237
820,410,sachin,connerty,4,appel crescent,bulle court,merrimac,4132,wa,19820801,5307605
821,410,sachin,connerty,4,appel crescent,bullecourt,merrimac,4132,wa,19820801,5307605
822,411,zoh,vasiliev,8,streeton drive,beaumonts beach house,eudko,2231,nsw,19490714,6243849
823,411,zoe,vasiliev,8,streeton drive,beaumonts beach house,eudlo,2213,nsw,19490714,6243849
824,412,dabiel,burleigh,22,milford street,brandywine stud,maroota south,3136,sa,19010517,4171356
825,412,daniel,burleigh,,milford street,brandywine stud,maroota south,3136,sa,19010517,4171356
826,413,julia,hilton,39,antis street,the villagge condo 7,melville,3074,vic,19750925,6121701
827,413,julia,hilton,39,antis street,the village condo 7,melville,3074,vic,19750925,6121701
828,414,lucas,rawldings,11,paul coe drescent,,wanniassa,6122,vic,19141102,5141107
829,414,lucas,rawlings,11,paul coe crescent,glenefer garden,wanniassa,6122,vic,19141102,5141107
830,415,bailey,glass,3,casey crascent,greenslopes,eimeo,3204,vic,19071027,4363227
831,415,thomas,glass,3,casey crescent,greenslopes,eimeo,3204,vic,19071027,4363227
832,416,hollie,bishop,186,dolling crescent,clifden,tarana,3121,nsw,19721009,1052176
833,416,caitlin,bishop,186,dolling crescent,clifden,tarana,3121,nsw,19721009,1052176
834,417,clodqgh,green,68,snowden place,heatherdale,burringbar,2750,vic,19150804,9080722
835,417,william,green,68,snowden place,heatherdale,burringbar,2750,vic,19150804,9080722
836,418,mccarrhy,timothy,517,sidawawytreet,ballawina stud,northcliffe,4350,nsw,19530607,6601394
837,418,timothy,mccarthy,517,sidaway street,ballawinna stud,northcliffe,4350,nsw,19530607,6601394
838,419,jack,,4,pearcey pclace,landen,black rock,2763,vic,19020712,6151476
839,419,jack,berry,4,esperance street,landen,black rock,2763,vic,19020712,6151476
840,420,,sedecki,12,derrilin place,longstay caarvn park,loganholm e,4061,nsw,19801116,2990764
841,420,,sedecki,12,derrilin place,longstay caravn park,blackheath,4061,nsw,19801116,2990764
842,421,scrbak,ethan,2489,de burgh street,glenduarel,como,3156,vic,19100409,8766958
843,421,ethan,scrbak,2489,de burgh street,glendaurel,como,3156,vic,19100409,8766958
844,422,,gerste,6,booth cre scent,donpre,oatlands,2210,nsw,19601216,1264811
845,422,shae,gerste,6,booth crescent,donore,oatlands,2210,nsw,19601216,1264811
846,423,talai,lund,1,welsh place,blackduck valley,taigum,2224,tas,19140929,4851007
847,423,talia,lund,1,welsh place,blackduck valley,taigum,2224,tas,19140929,4851007
848,424,carla,amiet,5,carstensz street,oaklodge,blackmans bay,3180,nsw,19790801,9646483
849,424,carla,amiet,50,carstensz street,oaklodge,blackmans bay,3180,nsw,19790801,9646483
850,425,whtie,brandon,11,winser crescent,,,5159,qld,19381201,9695343
851,425,brandon,white,11,winser crescent,,,5159,qld,19911102,9695343
852,426,aiden,ree,27,,curra park,wellington point,3765,nsw,19260203,3404730
853,426,aiden,rees,27,padbury street,curra park,wellington point,3765,nsw,19260203,3404730
854,427,andsew,matthas,15,oxley street,wagunyah,campsie,3153,nsw,19700701,9943935
855,427,andrew,matthews,15,oxley street,wagunyah,campsie,3135,nsw,19700701,9943935
856,428,jarvis,ryan,23,buckman place,,inneston,2614,vic,19700922,6893056
857,428,jarvis,ryan,82,buckman place,,inneston,2614,vic,19700922,6893056
858,429,jasmine,frahn,55,mckail crescent,keanlr,cooktown,3020,nsw,19040608,4013078
859,429,jasmine,frahn,55,mckail crescent,keanor,cooktown,3020,nsw,19040608,4013078
860,430,bejnamin,liapis,28,turriff street,philli p lodge,walpole,3146,wa,19770104,7181173
861,430,benjamin,liapis,28,turriff street,phillip lodge,walpole,3146,nsw,19770104,7181173
862,431,tahlua,holdwnby,60,kaveneys road,villa 5,nwora,2530,vic,19200814,1108438
863,431,tahlia,holdenby,60,kaveneys road,villa 5,nowra,2530,vic,19200814,1108438
864,432,,morrison,35,minehan place,lumley,burn side,5167,tas,19620920,1541342
865,432,,morrison,35,minehan place,lumley,burnside,5167,tas,19620920,1541342
866,433,murry,cooper,12,werriwag crescent,hellemere pillage,yackandandah,6280,nsw,19750818,7861721
867,433,cooper,murry,12,werriwa crescent,hellemere village,yackandandah,6280,nsw,19750818,7861712
868,434,jacob,simmonds,54,jukes stcreet,,bunbury,7264,wa,19580404,1030443
869,434,jacob,simmonds,54,jukes street,wee wilbertree,bunbury,7264,wa,19580404,1030443
870,435,holly,leong,219,lorne park,kambalda crescent,norton summit,5067,nsw,19000404,8461963
871,435,holly,leong,219,kambalda crescent,lorne park,norton summit,5076,nsw,19000404,8461963
872,436,samel,bruinewoud,41,jabanunggz avenue,st franci svillage,woodgate,4507,nsw,19821107,8065014
873,436,samuel,bruinewoud,11,jabanungga avenue,st francis village,woodgate,4507,nsw,19821107,8065014
874,437,jasmine,green,29,yarrow place,my ool,kalaru,6111,qld,19530609,2686006
875,437,jasmine,green,29,yarrow place,,kalaru,6111,qld,19530609,2686006
876,438,joshua,snell,26,mclean place,rowethorpe,athelstone,5185,,19110707,5959644
877,438,joshua,snell,39,mclean place,rowethorpe,athelstone,5158,,19110707,5959644
878,439,kirar,brock,93,clarnette place,,orbost,2528,vic,19231209,5107876
879,439,kirra,brock,93,clarnette place,backwoodlands,orbost,2528,vic,19231209,5107876
880,440,,querzoli,75,sloane gplace,park lane estate,mounteliza,3083,nsw,19860522,4577875
881,440,,querzoli,75,sloane place,park lane estate,mount eliza,3083,nsw,19860522,4577875
882,441,sam,besm,1,albermarle lace,narla vlge,hastings,2614,nsw,19720806,8981588
883,441,sam,beams,1,albermarle place,narla vlge,hastings,2614,nsw,19720806,8981588
884,442,talyah,bradshaw,47,santalum street,warrambah,pennantyhills,3214,qld,19010925,3590063
885,442,talyah,bradshaw,47,santalum street,warrambah,pennant hills,3214,qld,19010925,3590603
886,443,edward,hudd,6,namadgi c ircuit,,forest hill,2456,vic,19740727,3658978
887,443,edward,hudd,6,namadgi circuit,,forest hill,2456,vic,19740727,3658978
888,444,sophie,lovelock,26,durraw een,chant street,williamstown,2650,vic,19371233,3072763
889,444,sophie,lovelock,26,chant street,durraween,williamstown,2650,vic,19371223,3072763
890,445,danielle,huupponen,23,larcombecrescent,peak view,apple crss,4304,qld,19100207,2577535
891,445,danielle,huupponen,23,larcombe crescent,peak view,applecross,4305,qld,19100207,2577535
892,446,samantha,white,11,macgregor street,ararat turf club,east launceston,3304,as,19790126,7912985
893,446,samantha,white,11,macgregor street,ararat turf club,kinross,3304,sa,19790126,7912985
894,447,lara,matthews,6,sunforest therapy centre,beaumaris street,the basin,4179,nsw,19911006,2164704
895,447,lara,matthews,6,beaumaris street,sunforest therapy centre,the basin,4179,nsw,19911006,2164704
896,448,breana,domkus,112,frome sr eet,jerra bung,maribyrnong,3011,tas,19320411,5753874
897,448,breana,domkus,112,fenwick place,jerrabung,maribyrnong,3011,tas,19320411,5753874
898,449,liam,fitzpatrck,55,schonell circuit,,coffs harbour,6285,nsw,19321022,5663386
899,449,liam,block,55,schonell circuit,yarramac,coffs harbour,6285,nsw,19321022,5663386
900,450,finley,haeusler,27,noarlunga crescent,sprin g ridge,namnour,3180,vic,19660711,3025217
901,450,finley,haeusler,27,noarlunga crescent,spring ridge,nambour,3180,vic,19660711,3025217
902,451,sophie,vincent,9,lutana tsreet,,sandy bay,3103,qld,19890326,8595728
903,451,sophie,vincent,9,lutana street,,sandy bay,3103,qld,19890326,8595728
904,452,alissa,kilmatrin,37,reveley rescent,crown allot,wolumla,6210,nsw,19041118,7994055
905,452,alissa,kilmartin,37,reveley crescent,crown allot,wolumla,6210,nsw,19041118,7994055
906,453,annabelle,clapham,312,martley circuit,aptmnt42,worrigee,4160,nsw,19960703,9692668
907,453,annabelle,clapham,312,francis street,aptmnt 42,worrigee,4160,nsw,19770513,9692668
908,454,hayden,vincent,4,tarana street,aprt 5x9,forster teys,4670,wa,19511009,3538832
909,454,hayden,vincent,4,tarana street,aprt 59,forster keys,4670,wa,19511009,3538832
910,455,zachary,pringle,16,evergood close,emerywood,kinglake west,2160,nsw,19410809,2770074
911,455,zachary,pringle,16,evergood close,emerywood,satur,2160,nsw,19410809,2770074
912,456,,siwggs,1,givens srteet,bonnington,kyogle,2170,qld,19521123,1256379
913,456,,swiggs,1,givens street,bonnington,kyogle,2170,qld,19521123,1256379
914,457,alice,bellchambers,267,swanton wtreet,tallow-bwood,blacjtwon,3136,vic,19381230,8676818
915,457,alice,bellchambers,267,swanton street,tallow-wood,blacktown,3136,vic,19381230,8676818
916,458,erinv,schembri,15,tathra est,hawkesbury crescent,trevallyn,2233,wa,19140109,4481914
917,458,erin,schembri,15,hawkesbury crescent,tathra east,trevallyn,2233,wa,19470910,4481914
918,459,madalyn,pries t,2,fitzalan street,,paddington,2031,qld,19530429,1086126
919,459,madalyn,priest,2,fitzalan street,,paddington,2031,qld,19530429,1086126
920,460,timara,donaldson,33,badimara street,,vermonjt,3071,qld,19790502,2358601
921,460,timara,donaldson,33,badimara street,burramunda,vermont,3071,qld,19790502,2358601
922,461,brianna,white,18,dakin place,rosevillea,ballina,4860,vic,19130918,8384544
923,461,brianna,white,44,dakin place,rosevillea,ballina,4860,nsw,19130918,8384544
924,462,zach,brhalic,,fenwick place,saslea stud,hopperscrossing,2344,nsw,19350405,4519427
925,462,zach,bralic,,fenwick place,saslea stud,hoppers crossing,2344,nsw,19350405,4519427
926,463,sarah,fleey,35,pocket favenue,,port lincoln,4557,vic,19131207,7869032
927,463,sarah,fleet,35,pocket avenue,ironbark lodge,port lincoln,4557,vic,19131207,9954629
928,464,jessica,noble,42,boolimba crescent,lashbrooke,cranbourne,2219,vic,,7984432
929,464,jessica,noble,42,boolimba crescent,lashbrooke,cranbourne,2219,vic,19940815,7984432
930,465,benjamin,campbell,19,,busbey's flat,safet ybeach,2390,qld,19339026,4394755
931,465,benjamin,campbell,19,goodenia street,busbey's flat,safety beach,2390,qld,19330926,4394755
932,466,hayden,peteresn,20,fox place,innaminka,galston,4111,nsw,19080616,1858338
933,466,hayden,petersen,22,fox place,innaminka,galston,4111,nsw,19080616,1858338
934,467,lara,whitd,12,boldrewood street,meadowvale village,box hila south,6066,qld,,5622907
935,467,lara,white,12,boldrewood street,meadowvale village,box hill south,6056,qld,,5622907
936,468,chloe,whetstone,59,chuculba crescent,telooma,hamilton,3000,vic,19910803,1173489
937,468,chloe,whetstone,59,chuculba crescent,telooma,hamilton,3028,vic,19910803,1173489
938,469,lachlan,katsiavos,29,paul coe cdrescent,,casual,2913,nsw,19380406,4112327
939,469,lachlan,vincent,29,hansen circuit,guyangal,casula,2913,nsw,19380406,4112327
940,470,jack,mcphie,155,shumack cstreet,,clayton,4504,nsw,19720208,9497108
941,470,jack,mcphie,155,shumack street,millard centre,clayton,4504,nsw,19720208,9497108
942,471,barnaby,shereston,1,margany street,,keysborough,5045,wa,19961009,8585130
943,471,barnaby,shereston,1,margany street,flt 2a,keysborough,5045,wa,19961009,8585130
944,472,luke,polmear,28,,moun tview,moorooka,2540,wa,19340630,6578653
945,472,luke,polmear,28,hawker street,mountview,moorooka,2540,wa,19340630,6578653
946,473,jardine,kallie,27,birrell street,c/-cummins theatre,milp erra,2218,vic,19091111,9225358
947,473,kallie,jardine,27,birrell street,c/-cummins theatre,athol park,2218,vic,19091111,9225358
948,474,macgo wan,darcie,17,james street,nulama village,north cuml curl,3030,nsw,19880925,9627942
949,474,darcie,macgowan,17,james street,nulama village,north curl curl,3030,nsw,19880925,9627942
950,475,isaac,quilliam,11,namatjira drive,delaw are,geelo ng west,3027,nsw,19930926,1556150
951,475,isaac,quilliam,11,namatjira drive,delaware,geelong west,3072,nsw,19930926,1556150
952,476,haylqey,,11,,,denistone east,2766,nsw,19120607,7562395
953,476,hayley,sherriff,11,,lewin lodge,denistone east,2766,nsw,19120607,7562395
954,477,riley,morcom,48,newbery crescent,darjeeling,grass valley,3156,nsw,,5460376
955,477,riley,morcom,48,newbery crescent,darjeeling,grass valley,3156,nsw,19300117,5460376
956,478,beazley,anthony,12,birubi place,currandina,flemington,2477,qld,19730924,6558077
957,478,anthony,beazley,12,birubi place,currandina,flemington,2477,qld,19730924,6558077
958,479,joel,mcgilc hrist,76,borrowdale street,rockles,bund akerg,4871,wa,19141214,8721264
959,479,joel,mcgilchrist,76,borrowdale street,rocklea,bundaberg,4871,wa,19141214,1370792
960,480,jord an,blake,2,moore street,fleurbaix,armida le,2477,vic,19790710,6981185
961,480,jordan,thaba,2,moore street,fleurbaix,armidale,2477,vic,19790710,6981185
962,481,thomas,papanikolopoulos,14,doolanz court,frank jeffry hostel,ulladulla,4356,vic,19241204,7849076
963,481,thomas,papanikolopoulos,14,dooland court,frank jeffrey hostel,ulladulla,4356,vic,19241204,7849076
964,482,charlotte,robskon,23,nicholas street,kellwood,,2280,vic,19620503,9419113
965,482,charlotte,robson,23,nicholas street,kellwood,,2280,vic,19620503,9419113
966,483,francesco,finl ay,159,chippindall circuit,,burleigh waters,6236,nsw,19000713,7391179
967,483,francesco,finlay,159,chippindall circuit,,burleigh waters,6236,nsw,19000713,7391179
968,484,jacynta,hoffman,4,marrakai srteet,tantallon,munruben,2153,nsw,,4705328
969,484,jacynta,hoffman,4,marrakai street,tantallon,munruben,2042,nsw,19320417,4705328
970,485,michael,nguyen,,roseworthy crescent,underbank,colac,2198,qld,19011004,5908395
971,485,caresse,nguyen,,roseworthy crescent,underbank,colac,2198,qld,19011004,5908395
972,486,isabekle,spratt,16,bastow circuit,kurrajogn,shoalwater,2587,qld,,5074015
973,486,campbell,spratt,16,bastow circuit,kurrajong,shoalwater,2587,qld,,5074015
974,487,campbell,clarke,16,ainslie avenue,roweth orpe,stephens,7352,vic,19841009,4679247
975,487,campbell,clarke,16,ainslie avenue,rowethorpe,stephens,7325,vic,19841009,4679247
976,488,kob,korbut,1,kennewell xplace,heights estate,blacktown,4390,wa,19090519,9712042
977,488,kobe,korbut,1,kennewell place,heights estate,blacktown,4390,wa,19090519,9712042
978,489,aym,dudlley,8,wambool street,little forest,old toongabbie,2080,nsw,19890710,2352537
979,489,amy,dudley,8,wambool street,little forest,robina,2080,nsw,19890710,2352537
980,490,,durr,11,cochrane crescent,spyla w farm,south perth,2795,wa,19810628,6794161
981,490,,durr,11,cochrane crescent,the rookery,south perth,2795,wa,19300521,6794611
982,491,micthell,boxwbr,40,keysor place,avslind,toorak,4480,nsw,19730218,4520071
983,491,mitchell,boxer,40,keysor place,avalind,toorak,4480,nsw,19730218,4520071
984,492,kirchener,benjamin,12,stuart street,wurrami,theodore,2620,wa,19751110,1766048
985,492,benjamin,kirchener,12,stuart street,wurrami,theodore,2620,wa,19751110,1766048
986,493,jackson,meddings-blaskett,495,kavel street,clarence village,westlake,6162,wa,19511003,2684928
987,493,jackson,shevchenko,495,kavel street,clarence village,westlake,6162,wa,19511003,2684928
988,494,chelsae,hanigan,46,mcmillan crescent,arcadia,fullarton,3037,nsq,19960122,1590938
989,494,chelsea,hanigan,46,mcmillan crescent,arcadia,fullarton,3037,nsw,19960122,1590938
990,495,brodee,pyper,72,brisban e avenue,sherwood,toowoomba,4127,nsw,19370805,2701611
991,495,brodee,kirkmoe,71,brisbane avenue,sherwood,toowoomba,4127,nsw,19370805,2701611
992,496,jacob,walls,61,atherton street,indra,st kilda,3194,nsw,19490530,1057415
993,496,jacob,walls,61,atherton street,indra,st kilda,3149,nsw,19490530,1057415
994,497,isobel,van wijk,18,federal highway,manresa,st albans,5108,vic,,9247870
995,497,isobel,van wijk,18,federal highway,manresa,st albans,5108,vic,19970922,9247870
996,498,claire,crook,9,oyster farm,basedow street,,3146,vic,,2161417
997,498,claire,crook,9,basedow street,oyster farm,wanniassa,3146,vic,,2161417
998,499,jamie,meixner,7,hibiscus rescent,bandicootridge,atherton,4109,nsw,19670124,1197846
999,499,jamie,meixner,7,hibiscus crescent,bandicoot ridge,atherton,4109,nsw,19670124,1197846
